created_at,timestamp_ms,id,extended_full_text,user_id,user_screen_name,user_name,user_followers_count,user_location,user_created_at,user_friends_count,user_statuses_count,user_verified,id_str,source,truncated,in_reply_to_status_id,in_reply_to_status_id_str,in_reply_to_user_id_str,in_reply_to_screen_name,contributors,is_quote_status,quote_count,reply_count,retweet_count,favorite_count,favorited,retweeted,filter_level,lang,possibly_sensitive,withheld_copyright,place_name,text,long,lat,quoted_status_id_str,place_country_code,rt_id,rt_user_name,rt_extended_full_text,rt_text,rt_favorite_count,rt_friends_count,rt_followers_count,rt_statuses_count,rt_user_id,rt_retweet_count,rt_reply_count,rt_quote_count,rt_user_verified,rt_user_location,rt_truncated,rt_source,rt_created_at,rt_user_screen_name,lat_float,long_float,hour,year,month,day,date,coder1_concept1,coder1_concept2,coder2_concept1,coder2_concept2
Thu Jan 15 14:25:36 +0000 2015,1421331936000,555808035210547200,"RT @Awkward_Duck: #OscarsSoWhite they don't see race. Or movies with black folks in it, apparently.",,osakadaioh1,Osaka Daioh,10,,Thu Jul 18 22:52:26 +0000 2013,41.0,1335.0,,,"<a href=""http://twitter.com/download/android"" rel=""nofollow"">Twitter for Android</a>",False,,,,,,,,,,0.0,,,,pt,,,,"RT @Awkward_Duck: #OscarsSoWhite they don't see race. Or movies with black folks in it, apparently.",0.0,0.0,,,5.557421656627282e+17,Fed Up Nephew,"#OscarsSoWhite they don't see race. Or movies with black folks in it, apparently.","#OscarsSoWhite they don't see race. Or movies with black folks in it, apparently.",,1348.0,36455.0,105041.0,,0.0,,,,,,,Thu Jan 15 10:03:52 +0000 2015,Awkward_Duck,,,14,2015,1,15,01/15/2015,,,,
Mon Feb 29 11:35:13 +0000 2016,1456745713000,704344181737705473,"@and1grad The ""Asian kids are smart"" is NOT a benign stereotype. AsianAm youth have high suicide rates because of it. #OscarsSoWhite #Oscars",,drgoddess,Dr. Goddess,21438,"Pittsburgh, PA",Sat Jan 24 18:05:24 +0000 2009,6699.0,273715.0,,,"<a href=""http://twitter.com/download/iphone"" rel=""nofollow"">Twitter for iPhone</a>",False,,7.043403526651249e+17,,and1grad,,,,,,0.0,,,,en,,,,"@and1grad The ""Asian kids are smart"" is NOT a benign stereotype. AsianAm youth have high suicide rates because of it. #OscarsSoWhite #Oscars",0.0,0.0,,,,,,,,0.0,0.0,0.0,,0.0,,,,,,,,,,,11,2016,2,29,02/29/2016,,,,
Sun Feb 28 01:30:24 +0000 2016,1456623024000,703829586748936193,RT @MatthewACherry: Nothing more poetic than #GodsOfEgypt bombing at the box office same weekend as @TheAcademy Awards &amp; #OscarsSoWhite httâ€¦,,ramcesluna,Ramces Luna,638,HTX - SMTX - Anahuac/Rodriguez,Mon Dec 13 18:33:42 +0000 2010,527.0,3810.0,,,"<a href=""http://twitter.com/download/android"" rel=""nofollow"">Twitter for Android</a>",False,,,,,,,,,,0.0,,,,en,,,,RT @MatthewACherry: Nothing more poetic than #GodsOfEgypt bombing at the box office same weekend as @TheAcademy Awards &amp; #OscarsSoWhite httâ€¦,0.0,0.0,,,7.033646877783204e+17,Matthew A. Cherry,Nothing more poetic than #GodsOfEgypt bombing at the box office same weekend as @TheAcademy Awards &amp; #OscarsSoWhite https://t.co/t72HUvsdcm,Nothing more poetic than #GodsOfEgypt bombing at the box office same weekend as @TheAcademy Awards &amp; #OscarsSoWhite https://t.co/t72HUvsdcm,,4137.0,22751.0,86553.0,,0.0,,,,,,,Fri Feb 26 18:43:04 +0000 2016,MatthewACherry,,,1,2016,2,28,02/28/2016,,,,
Mon Feb 29 00:45:01 +0000 2016,1456706701000,704180553520705536,"RT @arden_cho: Congrats Leo, well deserved. Hope one day we got someone representing us taking home an Oscar. #OscarsSoWhite",,_Katherine_xxx,Katherine â˜†,1184,Wonderland ,Fri Apr 05 08:46:18 +0000 2013,1203.0,47107.0,,,"<a href=""http://twitter.com/download/android"" rel=""nofollow"">Twitter for Android</a>",False,,,,,,,,,,0.0,,,,en-gb,,,,"RT @arden_cho: Congrats Leo, well deserved. Hope one day we got someone representing us taking home an Oscar. #OscarsSoWhite",0.0,0.0,,,7.041802965313413e+17,Arden Cho,"Congrats Leo, well deserved. Hope one day we got someone representing us taking home an Oscar. #OscarsSoWhite","Congrats Leo, well deserved. Hope one day we got someone representing us taking home an Oscar. #OscarsSoWhite",,359.0,636627.0,6653.0,,0.0,,,,,,,Mon Feb 29 00:44:00 +0000 2016,arden_cho,,,0,2016,2,29,02/29/2016,,,,
Thu Feb 26 04:56:39 +0000 2015,1424926599000,570885144598327296,RT @IndyMusic: Pharrell Williams only non-white winner as #BRITAwards follow #OscarsSoWhite http://t.co/jWXkWKWMc0 http://t.co/oguTX3bg3A,,Barbano54A,a poletti,257,norwich connecticut,Sat Jul 23 15:50:34 +0000 2011,1849.0,7414.0,,,"<a href=""http://twitter.com"" rel=""nofollow"">Twitter Web Client</a>",False,,,,,,,,,,0.0,,,,en,,,,RT @IndyMusic: Pharrell Williams only non-white winner as #BRITAwards follow #OscarsSoWhite http://t.co/jWXkWKWMc0 http://t.co/oguTX3bg3A,0.0,0.0,,,5.708704019386655e+17,IndyMusic,Pharrell Williams only non-white winner as #BRITAwards follow #OscarsSoWhite http://t.co/jWXkWKWMc0 http://t.co/oguTX3bg3A,Pharrell Williams only non-white winner as #BRITAwards follow #OscarsSoWhite http://t.co/jWXkWKWMc0 http://t.co/oguTX3bg3A,,378.0,13504.0,6102.0,,0.0,,,,,,,Thu Feb 26 03:58:04 +0000 2015,IndyMusic,,,4,2015,2,26,02/26/2015,,,,
Sun Feb 28 21:20:12 +0000 2016,1456694412000,704129009731268608,Yeah...this needs to be fixed. #OscarsSoWhite  https://t.co/A5JYD26wg1,,megstoll,Megan,86,"Calgary, Alberta",Sat Jan 29 12:19:47 +0000 2011,588.0,3253.0,,,"<a href=""http://twitter.com/download/iphone"" rel=""nofollow"">Twitter for iPhone</a>",False,,,,,,,,,,0.0,,,,en,,,"Calgary, Alberta",Yeah...this needs to be fixed. #OscarsSoWhite  https://t.co/A5JYD26wg1,0.0,0.0,,CA,,,,,,0.0,0.0,0.0,,0.0,,,,,,,,,,,21,2016,2,28,02/28/2016,,,,
Mon Feb 27 01:52:16 +0000 2017,1488160336000,836106660624142336,RT @kierobar: #Oscars #OscarsSoWhite #Oscars2017 #OscarSunday #ABC #WAR #MilitaryIndustrialComplex #Crime #USAIsNotADemocracy https://t.co/â€¦,,BirdingTrip,Not_a_Soros_Puppet,427,United States,Mon Mar 02 18:17:25 +0000 2009,516.0,7157.0,,,"<a href=""http://twitter.com"" rel=""nofollow"">Twitter Web Client</a>",False,,,,,,,,,,0.0,,,,en,,,,RT @kierobar: #Oscars #OscarsSoWhite #Oscars2017 #OscarSunday #ABC #WAR #MilitaryIndustrialComplex #Crime #USAIsNotADemocracy https://t.co/â€¦,0.0,0.0,,,8.36068123803435e+17,Glyphosate=CancerðŸ’€,#Oscars #OscarsSoWhite #Oscars2017 #OscarSunday #ABC #WAR #MilitaryIndustrialComplex #Crime #USAIsNotADemocracy https://t.co/61oq4jDFVm,#Oscars #OscarsSoWhite #Oscars2017 #OscarSunday #ABC #WAR #MilitaryIndustrialComplex #Crime #USAIsNotADemocracy https://t.co/61oq4jDFVm,,5816.0,5731.0,79916.0,,0.0,,,,,,,Sun Feb 26 23:19:08 +0000 2017,kierobar,,,1,2017,2,27,02/27/2017,,,,
Sun Feb 21 17:14:06 +0000 2016,1456074846000,701530361595981825,"RT @ReignOfApril: I'd like to live tweet The Wood as a family, as we do so many things, and have everyone use the #OscarsSoWhite hashtag. Tâ€¦",,Hermit_Hwarang,Ornamental Oriental,2403,In my head ~ Ohlone land,Mon May 27 03:44:42 +0000 2013,818.0,25279.0,,,"<a href=""http://twitter.com"" rel=""nofollow"">Twitter Web Client</a>",False,,,,,,,,,,0.0,,,,en,,,,"RT @ReignOfApril: I'd like to live tweet The Wood as a family, as we do so many things, and have everyone use the #OscarsSoWhite hashtag. Tâ€¦",0.0,0.0,,,7.015291142856458e+17,April,"I'd like to live tweet The Wood as a family, as we do so many things, and have everyone use the #OscarsSoWhite hashtag. That's important.","I'd like to live tweet The Wood as a family, as we do so many things, and have everyone use the #OscarsSoWhite hashtag. That's important.",,2352.0,21376.0,324786.0,,0.0,,,,,,,Sun Feb 21 17:09:09 +0000 2016,ReignOfApril,,,17,2016,2,21,02/21/2016,,,,
Tue Jan 26 13:37:09 +0000 2016,1453815429000,692053679826956289,RT @ReignOfApril: Marlon Brando discussing why he refused the Best Actor Oscar for Vito Corleone in The Godfather. #OscarsSoWhite https://tâ€¦,,KissMyMahogany,JC Henny,736,Backstage,Fri Apr 10 22:45:09 +0000 2009,607.0,46263.0,,,"<a href=""http://twitter.com/download/iphone"" rel=""nofollow"">Twitter for iPhone</a>",False,,,,,,,,,,0.0,,,,en,,,,RT @ReignOfApril: Marlon Brando discussing why he refused the Best Actor Oscar for Vito Corleone in The Godfather. #OscarsSoWhite https://tâ€¦,0.0,0.0,,,6.918483011598049e+17,April,Marlon Brando discussing why he refused the Best Actor Oscar for Vito Corleone in The Godfather. #OscarsSoWhite https://t.co/i2MYUgCMm6,Marlon Brando discussing why he refused the Best Actor Oscar for Vito Corleone in The Godfather. #OscarsSoWhite https://t.co/i2MYUgCMm6,,2313.0,20038.0,320543.0,,0.0,,,,,,,Tue Jan 26 00:01:03 +0000 2016,ReignOfApril,,,13,2016,1,26,01/26/2016,,,,
Fri Jan 15 11:20:00 +0000 2016,1452856800000,688032898381910016,#OscarsSoWhite that @RayBan is the official sponsor due to the glare. #oscar,,pinupkenya,Kenya,36,"Some beach, Somewhere USA",Wed Mar 27 20:46:24 +0000 2013,173.0,757.0,,,"<a href=""http://twitter.com/download/iphone"" rel=""nofollow"">Twitter for iPhone</a>",False,,,,,,,,,,0.0,,,,en,,,,#OscarsSoWhite that @RayBan is the official sponsor due to the glare. #oscar,0.0,0.0,,,,,,,,0.0,0.0,0.0,,0.0,,,,,,,,,,,11,2016,1,15,01/15/2016,,,,
Tue Jan 26 17:53:26 +0000 2016,1453830806000,692118175631175680,"RT @ReignOfApril: Where is @NateParker in this shot, @variety? You know, the writer, director &amp; star? ðŸ¤”#OscarsSoWhite @NatTurnerFilm  httpsâ€¦",,tresjoliekhyri,Khyri no Irving,40,,Wed Feb 15 21:15:24 +0000 2012,141.0,692.0,,,"<a href=""https://mobile.twitter.com"" rel=""nofollow"">Mobile Web (M5)</a>",False,,,,,,,,,,0.0,,,,en,,,,"RT @ReignOfApril: Where is @NateParker in this shot, @variety? You know, the writer, director &amp; star? ðŸ¤”#OscarsSoWhite @NatTurnerFilm  httpsâ€¦",0.0,0.0,,,6.918472934656614e+17,April,"Where is @NateParker in this shot, @variety? You know, the writer, director &amp; star? ðŸ¤”#OscarsSoWhite @NatTurnerFilm  https://t.co/9JccweB78Y","Where is @NateParker in this shot, @variety? You know, the writer, director &amp; star? ðŸ¤”#OscarsSoWhite @NatTurnerFilm  https://t.co/9JccweB78Y",,2312.0,20070.0,320556.0,,0.0,,,,,,,Mon Jan 25 23:57:03 +0000 2016,ReignOfApril,,,17,2016,1,26,01/26/2016,,,,
Sat Jan 16 23:33:21 +0000 2016,1452987201000,688579839817846784,"RT @ogunique88: Nothing but the truth! Stop begging for acceptance! #Oscars2016 #OscarsSoWhite #oscarsnub #Oscars 

https://t.co/lxz6dt0pkL",,oscarspredictor,Oscar Pitt,215,"Manhattan, NY",Wed Dec 30 22:43:55 +0000 2015,1.0,9962.0,,,"<a href=""http://google.com"" rel=""nofollow"">OscarsPredictor</a>",False,,,,,,,,,,0.0,,,,en,,,,"RT @ogunique88: Nothing but the truth! Stop begging for acceptance! #Oscars2016 #OscarsSoWhite #oscarsnub #Oscars 

https://t.co/lxz6dt0pkL",0.0,0.0,,,6.885770053281628e+17,OG UNIQUE,"Nothing but the truth! Stop begging for acceptance! #Oscars2016 #OscarsSoWhite #oscarsnub #Oscars 

https://t.co/lxz6dt0pkL","Nothing but the truth! Stop begging for acceptance! #Oscars2016 #OscarsSoWhite #oscarsnub #Oscars 

https://t.co/lxz6dt0pkL",,388.0,313.0,16810.0,,0.0,,,,,,,Sat Jan 16 23:22:05 +0000 2016,ogunique88,,,23,2016,1,16,01/16/2016,,,,
Fri Jan 16 09:28:23 +0000 2015,1421400503000,556095626036150272,"Ha! &gt; RT ""@TheDailyEdge: #OscarsSoWhite Even ""Fifty Shades of Grey"" couldn't get nominated""",,dougiepen,Douglas Pensack,4127,"Chicago, IL",Wed Apr 06 17:02:18 +0000 2011,4019.0,77511.0,,,"<a href=""http://twitter.com/download/android"" rel=""nofollow"">Twitter for Android</a>",False,,,,,,,,,,0.0,,,,en,,,,"Ha! &gt; RT ""@TheDailyEdge: #OscarsSoWhite Even ""Fifty Shades of Grey"" couldn't get nominated""",0.0,0.0,,,,,,,,0.0,0.0,0.0,,0.0,,,,,,,,,,,9,2015,1,16,01/16/2015,,,,
Sun Feb 28 18:17:21 +0000 2016,1456683441000,704082994018054144,You can't make up for diversity by interview every black person on the Oscars red carpet.That's not what we're talking about. #OscarsSoWhite,,SandoPictures,Sando Pictures LLC,149,New York,Thu Sep 01 16:22:14 +0000 2011,151.0,366.0,,,"<a href=""http://twitter.com/download/iphone"" rel=""nofollow"">Twitter for iPhone</a>",False,,,,,,,,,,0.0,,,,en,,,,You can't make up for diversity by interview every black person on the Oscars red carpet.That's not what we're talking about. #OscarsSoWhite,0.0,0.0,,,,,,,,0.0,0.0,0.0,,0.0,,,,,,,,,,,18,2016,2,28,02/28/2016,,,,
Mon Feb 27 02:32:54 +0000 2017,1488162774000,836116886358196224,"Then they wonder why people call it #OscarsSoWhite. They screw all the minority's over. La La Land is a musical, they ranked it better",,Lladnar95,YungRalðŸ�š,827,"Detroit, MI",Sat Jan 14 21:20:16 +0000 2012,1438.0,24253.0,,,"<a href=""http://twitter.com/download/iphone"" rel=""nofollow"">Twitter for iPhone</a>",False,,8.361164663028572e+17,,Lladnar95,,,,,,0.0,,,,en,,,,"Then they wonder why people call it #OscarsSoWhite. They screw all the minority's over. La La Land is a musical, they ranked it better",0.0,0.0,,,,,,,,0.0,0.0,0.0,,0.0,,,,,,,,,,,2,2017,2,27,02/27/2017,,,,
Sun Feb 28 23:37:17 +0000 2016,1456702637000,704163507877511169,RT @benfergusonshow: Don't clap for @JoeBiden he is SO WHITE!!!! #OscarsSoWhite #Oscars,,rfpgames,FRP,35,"Miami, Florida 33174, USA.",Wed Jun 17 00:46:43 +0000 2015,364.0,104.0,,,"<a href=""http://twitter.com"" rel=""nofollow"">Twitter Web Client</a>",False,,,,,,,,,,0.0,,,,en,,,,RT @benfergusonshow: Don't clap for @JoeBiden he is SO WHITE!!!! #OscarsSoWhite #Oscars,0.0,0.0,,,7.041622299905311e+17,Ben Ferguson,Don't clap for @JoeBiden he is SO WHITE!!!! #OscarsSoWhite #Oscars,Don't clap for @JoeBiden he is SO WHITE!!!! #OscarsSoWhite #Oscars,,2031.0,502376.0,11739.0,,0.0,,,,,,,Sun Feb 28 23:32:12 +0000 2016,benfergusonshow,,,23,2016,2,28,02/28/2016,,,,
Thu Jan 14 08:48:10 +0000 2016,1452761290000,687632300390105089,It's never too early to jump start these things. #OscarsSoWhite  https://t.co/XJ20k4UbXP,,RayKahunareb,ray bailey,488,Ohio,Tue Apr 07 19:46:25 +0000 2015,768.0,4589.0,,,"<a href=""http://twitter.com"" rel=""nofollow"">Twitter Web Client</a>",False,,,,,,,,,,0.0,,,,en,,,,It's never too early to jump start these things. #OscarsSoWhite  https://t.co/XJ20k4UbXP,0.0,0.0,,,,,,,,0.0,0.0,0.0,,0.0,,,,,,,,,,,8,2016,1,14,01/14/2016,,,,
Sat Jan 16 23:27:29 +0000 2016,1452986849000,688578363410087936,RT @harikondabolu: #OscarsSoWhite that Rocky got nominated in a movie about Apollo Creed's son.,,Sammyveli,Sam F.,1856,,Wed Mar 18 00:45:56 +0000 2009,1033.0,129963.0,,,"<a href=""http://twitter.com/download/iphone"" rel=""nofollow"">Twitter for iPhone</a>",False,,,,,,,,,,0.0,,,,en,,,,RT @harikondabolu: #OscarsSoWhite that Rocky got nominated in a movie about Apollo Creed's son.,0.0,0.0,,,6.876583311759524e+17,Hari Kondabolu,#OscarsSoWhite that Rocky got nominated in a movie about Apollo Creed's son.,#OscarsSoWhite that Rocky got nominated in a movie about Apollo Creed's son.,,357.0,61138.0,13002.0,,0.0,,,,,,,Thu Jan 14 10:31:36 +0000 2016,harikondabolu,,,23,2016,1,16,01/16/2016,,,,
Mon Jan 18 20:51:22 +0000 2016,1453150282000,689263851078979584,"RT @ajplus: This year's Oscar noms are as white as they were last year â€“ and Jada and Spike are done with it. #OscarsSoWhite
https://t.co/qâ€¦",,pawawolo,poolo,195,the void,Sun Aug 15 14:01:14 +0000 2010,433.0,24760.0,,,"<a href=""http://twitter.com"" rel=""nofollow"">Twitter Web Client</a>",False,,,,,,,,,,0.0,,,,en,,,,"RT @ajplus: This year's Oscar noms are as white as they were last year â€“ and Jada and Spike are done with it. #OscarsSoWhite
https://t.co/qâ€¦",0.0,0.0,,,6.892628242923643e+17,AJ+,"This year's Oscar noms are as white as they were last year â€“ and Jada and Spike are done with it. #OscarsSoWhite
https://t.co/qDYPMgMnP1","This year's Oscar noms are as white as they were last year â€“ and Jada and Spike are done with it. #OscarsSoWhite
https://t.co/qDYPMgMnP1",,314.0,168739.0,21544.0,,0.0,,,,,,,Mon Jan 18 20:47:17 +0000 2016,ajplus,,,20,2016,1,18,01/18/2016,,,,
Fri Jan 15 10:00:42 +0000 2016,1452852042000,688012941891899393,RT @TMZ: #OscarsSoWhite: Not a Single Actor or Actress of Color Nominated at This Yearâ€™s Academy Awards (via @lovebscott) https://t.co/W2bbâ€¦,,NameBrandSmith,Une Ha Gomar (sp),1016,"ÃœT: 42.419122,-83.183289",Thu Mar 12 17:04:48 +0000 2009,575.0,105032.0,,,"<a href=""http://twitter.com/download/android"" rel=""nofollow"">Twitter for Android</a>",False,,,,,,,,,,0.0,,,,en,,,,RT @TMZ: #OscarsSoWhite: Not a Single Actor or Actress of Color Nominated at This Yearâ€™s Academy Awards (via @lovebscott) https://t.co/W2bbâ€¦,0.0,0.0,,,6.880128232560026e+17,TMZ,#OscarsSoWhite: Not a Single Actor or Actress of Color Nominated at This Yearâ€™s Academy Awards (via @lovebscott) https://t.co/W2bbdVIL9w,#OscarsSoWhite: Not a Single Actor or Actress of Color Nominated at This Yearâ€™s Academy Awards (via @lovebscott) https://t.co/W2bbdVIL9w,,938.0,3649982.0,115097.0,,0.0,,,,,,,Fri Jan 15 10:00:14 +0000 2016,TMZ,,,10,2016,1,15,01/15/2016,,,,
Sun Feb 28 22:27:52 +0000 2016,1456698472000,704146038601457669,RT @LatinoVoices: For Your Consideration... #OscarsSoWhite https://t.co/422lOl7WEN https://t.co/yaVqx7JDtn,,LeeJasper,Mr Lee Jasper,14505,London,Sun Apr 19 15:59:41 +0000 2009,8270.0,118596.0,,,"<a href=""http://twitter.com/download/iphone"" rel=""nofollow"">Twitter for iPhone</a>",False,,,,,,,,,,0.0,,,,en,,,,RT @LatinoVoices: For Your Consideration... #OscarsSoWhite https://t.co/422lOl7WEN https://t.co/yaVqx7JDtn,0.0,0.0,,,7.04120636029997e+17,HP LatinoVoices,For Your Consideration... #OscarsSoWhite https://t.co/422lOl7WEN https://t.co/yaVqx7JDtn,For Your Consideration... #OscarsSoWhite https://t.co/422lOl7WEN https://t.co/yaVqx7JDtn,,1352.0,57548.0,49933.0,,0.0,,,,,,,Sun Feb 28 20:46:56 +0000 2016,LatinoVoices,,,22,2016,2,28,02/28/2016,,,,
Mon Mar 05 00:17:00 +0000 2018,1520209020000,970528584120111104,"RT @reappropriate: From @Harpers, just something to think about before tonightâ€™s #oscars begin. #OscarsSoWhite https://t.co/Frscif8I3h",,racherika,Rachael Hancock,310,"Washington, DC",Sun Jul 28 19:47:24 +0000 2013,343.0,6448.0,,,"<a href=""http://twitter.com/download/iphone"" rel=""nofollow"">Twitter for iPhone</a>",False,,,,,,,,,,0.0,,,,en,,,,"RT @reappropriate: From @Harpers, just something to think about before tonightâ€™s #oscars begin. #OscarsSoWhite https://t.co/Frscif8I3h",0.0,0.0,,,9.704311889543045e+17,Reappropriate,"From @Harpers, just something to think about before tonightâ€™s #oscars begin. #OscarsSoWhite https://t.co/Frscif8I3h","From @Harpers, just something to think about before tonightâ€™s #oscars begin. #OscarsSoWhite https://t.co/Frscif8I3h",,1985.0,10742.0,21973.0,,0.0,,,,,,,Sun Mar 04 17:49:59 +0000 2018,reappropriate,,,0,2018,3,5,03/05/2018,,,,
Thu Jun 30 15:45:07 +0000 2016,1467301507000,748603291211300864,@TheAcademy Diversity has increased. We need to bring more minority films to the theaters. I don't want to see another #OscarsSoWhite,,jackiebarbour,Jackie,213,,Thu Apr 16 22:56:29 +0000 2009,624.0,7187.0,,,"<a href=""http://twitter.com"" rel=""nofollow"">Twitter Web Client</a>",False,,,,TheAcademy,,,,,,0.0,,,,en,,,,@TheAcademy Diversity has increased. We need to bring more minority films to the theaters. I don't want to see another #OscarsSoWhite,0.0,0.0,,,,,,,,0.0,0.0,0.0,,0.0,,,,,,,,,,,15,2016,6,30,06/30/2016,,,,
Mon Feb 29 00:24:36 +0000 2016,1456705476000,704175415514890240,RT @RaisingSelf: I'm not watching this year because #OscarsSoWhite but the #OscarsSoSexist as well. #askhermore #oscars https://t.co/y8GpG1â€¦,,christina_440,Christina,136,"Los Angeles, CA",Thu Aug 11 01:18:33 +0000 2011,372.0,6147.0,,,"<a href=""http://twitter.com/download/iphone"" rel=""nofollow"">Twitter for iPhone</a>",False,,,,,,,,,,0.0,,,,en,,,,RT @RaisingSelf: I'm not watching this year because #OscarsSoWhite but the #OscarsSoSexist as well. #askhermore #oscars https://t.co/y8GpG1â€¦,0.0,0.0,,,7.0411413672926e+17,Samantha Sophia,I'm not watching this year because #OscarsSoWhite but the #OscarsSoSexist as well. #askhermore #oscars https://t.co/y8GpG1BD2x,I'm not watching this year because #OscarsSoWhite but the #OscarsSoSexist as well. #askhermore #oscars https://t.co/y8GpG1BD2x,,999.0,1501.0,8155.0,,0.0,,,,,,,Sun Feb 28 20:21:06 +0000 2016,RaisingSelf,,,0,2016,2,29,02/29/2016,,,,
Fri Jan 22 15:28:22 +0000 2016,1453476502000,690632116938342401,RT @_Shamandy: Will Will will a win? #OscarsSoWhite #OscarsBoycott #Oscars2016,,oscarspredictor,Oscar Pitt,372,"Manhattan, NY",Wed Dec 30 22:43:55 +0000 2015,1.0,20483.0,,,"<a href=""http://google.com"" rel=""nofollow"">OscarsPredictor</a>",False,,,,,,,,,,0.0,,,,en,,,,RT @_Shamandy: Will Will will a win? #OscarsSoWhite #OscarsBoycott #Oscars2016,0.0,0.0,,,6.906284007053558e+17,Shamandy,Will Will will a win? #OscarsSoWhite #OscarsBoycott #Oscars2016,Will Will will a win? #OscarsSoWhite #OscarsBoycott #Oscars2016,,518.0,177.0,6002.0,,0.0,,,,,,,Fri Jan 22 15:13:36 +0000 2016,_Shamandy,,,15,2016,1,22,01/22/2016,,,,
Thu Jan 15 15:38:56 +0000 2015,1421336336000,555826490122579968,"â€œI don't think it'll happen. Thereâ€™s no precedent. And itâ€™s not something I desire."" @AVAETC last week #OscarsSoWhite http://t.co/x7hNzpaqk8",,SELMAFilm,SELMA Film,3691,,Mon May 19 08:02:27 +0000 2014,744.0,2655.0,,,"<a href=""http://twitter.com/#!/download/ipad"" rel=""nofollow"">Twitter for iPad</a>",False,,,,,,,,,,0.0,,,,en,,,,"â€œI don't think it'll happen. Thereâ€™s no precedent. And itâ€™s not something I desire."" @AVAETC last week #OscarsSoWhite http://t.co/x7hNzpaqk8",0.0,0.0,,,,,,,,0.0,0.0,0.0,,0.0,,,,,,,,,,,15,2015,1,15,01/15/2015,,,,
Mon Feb 23 00:40:53 +0000 2015,1424652053000,569733615199784962,"RT @democracynow: Watch Interview: #Selma Director Ava DuVernay on Hollywoodâ€™s Lack of Diversity, #Oscars Snub &amp; #OscarsSoWhite http://t.coâ€¦",,No9Revolution,Revolution no9,620,Stolen Planet,Tue Mar 04 01:38:51 +0000 2014,915.0,25064.0,,,"<a href=""https://mobile.twitter.com"" rel=""nofollow"">Mobile Web (M2)</a>",False,,,,,,,,,,0.0,,,,en,,,,"RT @democracynow: Watch Interview: #Selma Director Ava DuVernay on Hollywoodâ€™s Lack of Diversity, #Oscars Snub &amp; #OscarsSoWhite http://t.coâ€¦",0.0,0.0,,,5.695698242103501e+17,Democracy Now!,"Watch Interview: #Selma Director Ava DuVernay on Hollywoodâ€™s Lack of Diversity, #Oscars Snub &amp; #OscarsSoWhite http://t.co/VAlTplDerZ @avaetc","Watch Interview: #Selma Director Ava DuVernay on Hollywoodâ€™s Lack of Diversity, #Oscars Snub &amp; #OscarsSoWhite http://t.co/VAlTplDerZ @avaetc",,5770.0,366236.0,44891.0,,0.0,,,,,,,Sun Feb 22 13:50:02 +0000 2015,democracynow,,,0,2015,2,23,02/23/2015,,,,
Sun Feb 28 20:41:31 +0000 2016,1456692091000,704119274760224769,RT @elnuevoherald: .@chrisrock comienza su rutina con referencias a #OscarsSoWhite #Oscars y pregunta si Hollywood es racista https://t.co/â€¦,,Jesseniaminda,Jessenia Minda,144,,Mon Aug 20 22:29:03 +0000 2012,222.0,8563.0,,,"<a href=""http://twitter.com/download/android"" rel=""nofollow"">Twitter for Android</a>",False,,,,,,,,,,0.0,,,,es,,,,RT @elnuevoherald: .@chrisrock comienza su rutina con referencias a #OscarsSoWhite #Oscars y pregunta si Hollywood es racista https://t.co/â€¦,0.0,0.0,,,7.04118878687916e+17,el Nuevo Herald,.@chrisrock comienza su rutina con referencias a #OscarsSoWhite #Oscars y pregunta si Hollywood es racista https://t.co/70mvvCpxgl,.@chrisrock comienza su rutina con referencias a #OscarsSoWhite #Oscars y pregunta si Hollywood es racista https://t.co/70mvvCpxgl,,475.0,286403.0,104060.0,,0.0,,,,,,,Sun Feb 28 20:39:57 +0000 2016,elnuevoherald,,,20,2016,2,28,02/28/2016,,,,
Mon Jan 18 16:50:00 +0000 2016,1453135800000,689203109202124801,RT @DoctorYasmin: Spike Lee won't attend Academy Awards cuz #OscarsSoWhite https://t.co/JFVGXUSXZW,,dteg32,Chris Hamilton,587, North Carolina USA (Canada),Mon Oct 27 21:38:01 +0000 2008,886.0,23079.0,,,"<a href=""http://twitter.com"" rel=""nofollow"">Twitter Web Client</a>",False,,,,,,,,,,0.0,,,,en,,,,RT @DoctorYasmin: Spike Lee won't attend Academy Awards cuz #OscarsSoWhite https://t.co/JFVGXUSXZW,0.0,0.0,,,6.892012400062013e+17,Dr. Seema Yasmin,Spike Lee won't attend Academy Awards cuz #OscarsSoWhite https://t.co/JFVGXUSXZW,Spike Lee won't attend Academy Awards cuz #OscarsSoWhite https://t.co/JFVGXUSXZW,,474.0,8642.0,17353.0,,0.0,,,,,,,Mon Jan 18 16:42:35 +0000 2016,DoctorYasmin,,,16,2016,1,18,01/18/2016,,,,
Tue Jan 19 00:48:06 +0000 2016,1453164486000,689323427010842624,RT @harikondabolu: #OscarsSoWhite that Rocky got nominated in a movie about Apollo Creed's son.,,_maaaaaatheus,Matheus F.,389,"Massachusetts, USA",Mon Jan 30 18:33:57 +0000 2012,213.0,8755.0,,,"<a href=""http://twitter.com/download/iphone"" rel=""nofollow"">Twitter for iPhone</a>",False,,,,,,,,,,0.0,,,,en,,,,RT @harikondabolu: #OscarsSoWhite that Rocky got nominated in a movie about Apollo Creed's son.,0.0,0.0,,,6.876583311759524e+17,Hari Kondabolu,#OscarsSoWhite that Rocky got nominated in a movie about Apollo Creed's son.,#OscarsSoWhite that Rocky got nominated in a movie about Apollo Creed's son.,,358.0,61213.0,13012.0,,0.0,,,,,,,Thu Jan 14 10:31:36 +0000 2016,harikondabolu,,,0,2016,1,19,01/19/2016,,,,
Thu Jan 15 14:33:32 +0000 2015,1421332412000,555810031665299457,RT @kalifilms: Back in the day The Colour Purple had 11 nominations and didn't win a single one. Nothing changes #OscarsSoWhite  #OscarsSoMâ€¦,,ChartThreeEnt,Chart Three ,107,USA,Thu Jul 23 11:46:20 +0000 2009,317.0,1749.0,,,"<a href=""https://about.twitter.com/products/tweetdeck"" rel=""nofollow"">TweetDeck</a>",False,,,,,,,,,,0.0,,,,en,,,,RT @kalifilms: Back in the day The Colour Purple had 11 nominations and didn't win a single one. Nothing changes #OscarsSoWhite  #OscarsSoMâ€¦,0.0,0.0,,,5.5580381275817165e+17,Pratibha Parmar,Back in the day The Colour Purple had 11 nominations and didn't win a single one. Nothing changes #OscarsSoWhite  #OscarsSoMale #Oscars2015,Back in the day The Colour Purple had 11 nominations and didn't win a single one. Nothing changes #OscarsSoWhite  #OscarsSoMale #Oscars2015,,2414.0,3199.0,9797.0,,0.0,,,,,,,Thu Jan 15 14:08:49 +0000 2015,kalifilms,,,14,2015,1,15,01/15/2015,,,,
Tue Jan 19 00:42:57 +0000 2016,1453164177000,689322130954043393,"RT @THR: .@TheAcademy issues statement promising ""big changes"" to fix #OscarsSoWhite problem https://t.co/3HvA9MZ21Q https://t.co/JtN6guTUvt",,__RRG24,RonaldRayGomez,903,Philippines to USA,Fri Apr 25 20:33:10 +0000 2014,2360.0,27408.0,,,"<a href=""http://twitter.com/download/iphone"" rel=""nofollow"">Twitter for iPhone</a>",False,,,,,,,,,,0.0,,,,en,,,,"RT @THR: .@TheAcademy issues statement promising ""big changes"" to fix #OscarsSoWhite problem https://t.co/3HvA9MZ21Q https://t.co/JtN6guTUvt",0.0,0.0,,,6.893218162261606e+17,Hollywood Reporter,".@TheAcademy issues statement promising ""big changes"" to fix #OscarsSoWhite problem https://t.co/3HvA9MZ21Q https://t.co/JtN6guTUvt",".@TheAcademy issues statement promising ""big changes"" to fix #OscarsSoWhite problem https://t.co/3HvA9MZ21Q https://t.co/JtN6guTUvt",,2726.0,1802832.0,186776.0,,0.0,,,,,,,Tue Jan 19 00:41:42 +0000 2016,THR,,,0,2016,1,19,01/19/2016,,,,
Tue Jan 26 18:00:35 +0000 2016,1453831235000,692119974983368704,RT @HuffPostLive: .@MarlonWayans argues that Oscars snubs can actually be a good thing. #OscarsSoWhite https://t.co/BHSRVUWOK9,,_LoveyyTheDon,LiL EBONICZâœ¨,1056,NC,Tue Jun 24 12:27:38 +0000 2014,408.0,32394.0,,,"<a href=""http://twitter.com/download/iphone"" rel=""nofollow"">Twitter for iPhone</a>",False,,,,,,,,,,0.0,,,,en,,,,RT @HuffPostLive: .@MarlonWayans argues that Oscars snubs can actually be a good thing. #OscarsSoWhite https://t.co/BHSRVUWOK9,0.0,0.0,,,6.92093444588589e+17,HuffPost Live,.@MarlonWayans argues that Oscars snubs can actually be a good thing. #OscarsSoWhite https://t.co/BHSRVUWOK9,.@MarlonWayans argues that Oscars snubs can actually be a good thing. #OscarsSoWhite https://t.co/BHSRVUWOK9,,1574.0,95077.0,60270.0,,0.0,,,,,,,Tue Jan 26 16:15:10 +0000 2016,HuffPostLive,,,18,2016,1,26,01/26/2016,,,,
Fri Jan 22 15:50:00 +0000 2016,1453477800000,690637561165836289,"RT @larryelder: Oh, the humanity!

#OscarsSoWhite https://t.co/RiTJcVSDRF",,Runner311,WatchMan,950,CA,Thu Aug 18 16:29:09 +0000 2011,1084.0,29494.0,,,"<a href=""http://twitter.com/download/iphone"" rel=""nofollow"">Twitter for iPhone</a>",False,,,,,,,,,,0.0,,,,en,,,,"RT @larryelder: Oh, the humanity!

#OscarsSoWhite https://t.co/RiTJcVSDRF",0.0,0.0,,,6.905184272287621e+17,Larry Elder,"Oh, the humanity!

#OscarsSoWhite https://t.co/RiTJcVSDRF","Oh, the humanity!

#OscarsSoWhite https://t.co/RiTJcVSDRF",,138.0,72704.0,32581.0,,0.0,,,,,,,Fri Jan 22 07:56:36 +0000 2016,larryelder,,,15,2016,1,22,01/22/2016,,,,
Fri Mar 04 20:32:48 +0000 2016,1457123568000,705929020441923588,I created #WOCforAlaskaYoung so I know exactly what @ReignOfApril is going through with the criticism from #OscarsSoWhite,,MixMalikMarvel,MUH-RY-UH,3847,#BlackLivesMatter,Fri May 04 19:22:18 +0000 2012,4218.0,295183.0,,,"<a href=""http://twitter.com/download/android"" rel=""nofollow"">Twitter for Android</a>",False,,,,,,,,,,0.0,,,,en,,,,I created #WOCforAlaskaYoung so I know exactly what @ReignOfApril is going through with the criticism from #OscarsSoWhite,0.0,0.0,,,,,,,,0.0,0.0,0.0,,0.0,,,,,,,,,,,20,2016,3,4,03/04/2016,,,,
Sun Jan 24 15:38:25 +0000 2016,1453649905000,691359421838929920,RT @donaldbroom: #OscarsSoWhite Boycotters Must Also Extend Their Protest To 2016 Democrats For President | Now The End Begins - https://t.â€¦,,jevans1137,Justin Evans,83,"Yakima, WA",Thu Nov 05 14:48:58 +0000 2015,100.0,1515.0,,,"<a href=""http://twitter.com/download/iphone"" rel=""nofollow"">Twitter for iPhone</a>",False,,,,,,,,,,0.0,,,,en,,,,RT @donaldbroom: #OscarsSoWhite Boycotters Must Also Extend Their Protest To 2016 Democrats For President | Now The End Begins - https://t.â€¦,0.0,0.0,,,6.912621632357908e+17,Donald Broom,#OscarsSoWhite Boycotters Must Also Extend Their Protest To 2016 Democrats For President | Now The End Begins - https://t.co/329eK9KdiS,#OscarsSoWhite Boycotters Must Also Extend Their Protest To 2016 Democrats For President | Now The End Begins - https://t.co/329eK9KdiS,,14995.0,15834.0,120766.0,,0.0,,,,,,,Sun Jan 24 09:11:57 +0000 2016,donaldbroom,,,15,2016,1,24,01/24/2016,,,,
Sun Feb 28 21:35:29 +0000 2016,1456695329000,704132855924858880,"One day we'll be cast as the lead, but until then you'll keep seeing us as your friendly neighborhood nail employee... #OscarsSoWhite",,taylorphou,Taylor Phoumivong,1164,,Tue Jul 12 15:11:24 +0000 2011,559.0,29583.0,,,"<a href=""http://twitter.com/download/iphone"" rel=""nofollow"">Twitter for iPhone</a>",False,,,,,,,,,,0.0,,,,en,,,,"One day we'll be cast as the lead, but until then you'll keep seeing us as your friendly neighborhood nail employee... #OscarsSoWhite",0.0,0.0,,,,,,,,0.0,0.0,0.0,,0.0,,,,,,,,,,,21,2016,2,28,02/28/2016,,,,
Fri Jan 29 18:42:17 +0000 2016,1454092937000,693217632737099776,"@OscarsSoWhite STHU, its not like your curing cancer. Stop being such a bunch of self important divas &amp; prima donnas #firstworldproblem",,dexcat63,mark batch,18,Planet Earth,Wed Jul 09 04:18:17 +0000 2014,100.0,102.0,,,"<a href=""http://twitter.com"" rel=""nofollow"">Twitter Web Client</a>",False,,,,OscarsSoWhite,,,,,,0.0,,,,en,,,,"@OscarsSoWhite STHU, its not like your curing cancer. Stop being such a bunch of self important divas &amp; prima donnas #firstworldproblem",0.0,0.0,,,,,,,,0.0,0.0,0.0,,0.0,,,,,,,,,,,18,2016,1,29,01/29/2016,,,,
Sun Feb 28 21:24:27 +0000 2016,1456694667000,704130079274590208,#OscarsSoWhite why is it black ppl always looking for the masses to tell us how good we are .or the approval .stop looking at Uncle Tom,,MPhotography33,mikael peters,35,London England,Mon Nov 16 21:39:32 +0000 2009,81.0,1322.0,,,"<a href=""http://twitter.com/download/iphone"" rel=""nofollow"">Twitter for iPhone</a>",False,,,,,,,,,,0.0,,,,en,,,,#OscarsSoWhite why is it black ppl always looking for the masses to tell us how good we are .or the approval .stop looking at Uncle Tom,0.0,0.0,,,,,,,,0.0,0.0,0.0,,0.0,,,,,,,,,,,21,2016,2,28,02/28/2016,,,,
Thu Jan 15 16:51:19 +0000 2015,1421340679000,555844706014609409,Damn Shame...  #OscarsSoWhite,,QrsChocolate,QChocolate,3252,Maryland,Thu Jun 04 09:48:49 +0000 2009,2420.0,73754.0,,,"<a href=""http://twitter.com"" rel=""nofollow"">Twitter Web Client</a>",False,,,,,,,,,,0.0,,,,en,,,,Damn Shame...  #OscarsSoWhite,0.0,0.0,,,,,,,,0.0,0.0,0.0,,0.0,,,,,,,,,,,16,2015,1,15,01/15/2015,,,,
Wed Aug 02 16:19:24 +0000 2017,1501690764000,892842289428549633,"RT @janinenatt: #OscarsSoWhite Again: Idris Elba, â€˜Straight Outta... https://t.co/w9GdHVNinp #idriselba",,caseyttha,â˜†â˜† AARON â˜†â˜†,22262,Orlando,Thu Jul 17 07:00:59 +0000 2014,26050.0,860951.0,,,"<a href=""https://dlvrit.com/"" rel=""nofollow"">dlvr.it</a>",False,,,,,,,,,,0.0,,,,en,,,,"RT @janinenatt: #OscarsSoWhite Again: Idris Elba, â€˜Straight Outta... https://t.co/w9GdHVNinp #idriselba",0.0,0.0,,,8.928416257681203e+17,Janine,"#OscarsSoWhite Again: Idris Elba, â€˜Straight Outta... https://t.co/w9GdHVNinp #idriselba","#OscarsSoWhite Again: Idris Elba, â€˜Straight Outta... https://t.co/w9GdHVNinp #idriselba",,29924.0,30377.0,1039947.0,,0.0,,,,,,,Wed Aug 02 16:16:46 +0000 2017,janinenatt,,,16,2017,8,2,08/02/2017,,,,
Thu Jan 15 10:03:49 +0000 2015,1421316229000,555742155252436993,RT @DezzaW6: #OscarsSoWhite they think that Selma is the 'real racist'.,,RemoveCapital,man's 19,362,Soviet Republic of West London,Wed Nov 21 12:21:00 +0000 2012,139.0,34078.0,,,"<a href=""http://www.twitter.com"" rel=""nofollow"">Twitter for Windows Phone</a>",False,,,,,,,,,,0.0,,,,en,,,,RT @DezzaW6: #OscarsSoWhite they think that Selma is the 'real racist'.,0.0,0.0,,,5.557351031887708e+17,PROTESTNEXTDOOR,#OscarsSoWhite they think that Selma is the 'real racist'.,#OscarsSoWhite they think that Selma is the 'real racist'.,,334.0,492.0,1080.0,,0.0,,,,,,,Thu Jan 15 09:35:48 +0000 2015,DezzaW6,,,10,2015,1,15,01/15/2015,,,,
Thu Jan 21 19:02:05 +0000 2016,1453402925000,690323512624582656,RT @SicilianInHeels: @TheBreyKeys But it's still #OscarsSoWhite with Alejandro GonzÃ¡lez IÃ±Ã¡rritu making the best film of the year. Don't foâ€¦,,TheBreyKeys,Brey Z,1746,,Tue Apr 06 22:59:07 +0000 2010,263.0,156224.0,,,"<a href=""http://tapbots.com/tweetbot"" rel=""nofollow"">Tweetbot for iÎŸS</a>",False,,,,,,,,,,0.0,,,,en,,,,RT @SicilianInHeels: @TheBreyKeys But it's still #OscarsSoWhite with Alejandro GonzÃ¡lez IÃ±Ã¡rritu making the best film of the year. Don't foâ€¦,0.0,0.0,,,6.90322224490881e+17,â�¥jen,@TheBreyKeys But it's still #OscarsSoWhite with Alejandro GonzÃ¡lez IÃ±Ã¡rritu making the best film of the year. Don't forget!!,@TheBreyKeys But it's still #OscarsSoWhite with Alejandro GonzÃ¡lez IÃ±Ã¡rritu making the best film of the year. Don't forget!!,,341.0,9739.0,295145.0,,0.0,,,,,,,Thu Jan 21 18:56:58 +0000 2016,SicilianInHeels,,,19,2016,1,21,01/21/2016,,,,
Sun Feb 28 23:25:13 +0000 2016,1456701913000,704160471213953024,RT @ChumelTorres: POR QUÃ‰ EL CABELLO DE PHARRELL ES BLANCO?!? #OscarsSoWhite,,IsaacJoab,Isaac HernÃ¡ndez,582,MÃ©xico.,Wed Feb 03 10:13:16 +0000 2010,384.0,25975.0,,,"<a href=""http://www.twitter.com"" rel=""nofollow"">Twitter for Windows Phone</a>",False,,,,,,,,,,0.0,,,,es,,,,RT @ChumelTorres: POR QUÃ‰ EL CABELLO DE PHARRELL ES BLANCO?!? #OscarsSoWhite,0.0,0.0,,,7.041603929398436e+17,Chumel Torres,POR QUÃ‰ EL CABELLO DE PHARRELL ES BLANCO?!? #OscarsSoWhite,POR QUÃ‰ EL CABELLO DE PHARRELL ES BLANCO?!? #OscarsSoWhite,,393.0,429599.0,32041.0,,0.0,,,,,,,Sun Feb 28 23:24:55 +0000 2016,ChumelTorres,,,23,2016,2,28,02/28/2016,,,,
Sun Feb 22 19:05:24 +0000 2015,1424631924000,569649188075671552,RT @Wellspokentoken: #OscarsSoWhite but we are still #RHOyal with the FIRST Black person to win an #Oscar #SGRho #happy22nd http://t.co/EwYâ€¦,,_ReC3,S. Matthews,79,,Sat Nov 10 09:23:36 +0000 2012,274.0,317.0,,,"<a href=""http://twitter.com/download/iphone"" rel=""nofollow"">Twitter for iPhone</a>",False,,,,,,,,,,0.0,,,,en,,,,RT @Wellspokentoken: #OscarsSoWhite but we are still #RHOyal with the FIRST Black person to win an #Oscar #SGRho #happy22nd http://t.co/EwYâ€¦,0.0,0.0,,,5.696347901163561e+17,DEUCE C2UB DAY 2/22,#OscarsSoWhite but we are still #RHOyal with the FIRST Black person to win an #Oscar #SGRho #happy22nd http://t.co/EwYUtMZfMe,#OscarsSoWhite but we are still #RHOyal with the FIRST Black person to win an #Oscar #SGRho #happy22nd http://t.co/EwYUtMZfMe,,850.0,860.0,34107.0,,0.0,,,,,,,Sun Feb 22 18:08:11 +0000 2015,Wellspokentoken,,,19,2015,2,22,02/22/2015,,,,
Mon Jun 13 06:43:04 +0000 2016,1465800184000,742306286159712260,"RT @laurjbrown: FORGET YOUR #OSCARSSOWHITE, WE HAVE #TONYSSOINCLUSIVE https://t.co/4KKUkL4Dis",,sienoelle,mr. soul,480,NEW YORK (soon!),Fri Nov 04 20:10:36 +0000 2011,829.0,18786.0,,,"<a href=""http://twitter.com/download/iphone"" rel=""nofollow"">Twitter for iPhone</a>",False,,,,,,,,,,0.0,,,,en,,,,"RT @laurjbrown: FORGET YOUR #OSCARSSOWHITE, WE HAVE #TONYSSOINCLUSIVE https://t.co/4KKUkL4Dis",0.0,0.0,,,7.421915655825695e+17,laura brown,"FORGET YOUR #OSCARSSOWHITE, WE HAVE #TONYSSOINCLUSIVE https://t.co/4KKUkL4Dis","FORGET YOUR #OSCARSSOWHITE, WE HAVE #TONYSSOINCLUSIVE https://t.co/4KKUkL4Dis",,676.0,1658.0,121900.0,,0.0,,,,,,,Sun Jun 12 23:07:13 +0000 2016,laurjbrown,,,6,2016,6,13,06/13/2016,,,,
Thu Jan 14 20:54:15 +0000 2016,1452804855000,687815025260625920,RT @ajmaclean: #OscarsSoWhite (made by me) https://t.co/IyHwiqFw0P,,bapsaejeongguk,sebastian,554,he/him,Fri Oct 30 07:11:42 +0000 2015,251.0,25091.0,,,"<a href=""http://twitter.com/download/iphone"" rel=""nofollow"">Twitter for iPhone</a>",False,,,,,,,,,,0.0,,,,en,,,,RT @ajmaclean: #OscarsSoWhite (made by me) https://t.co/IyHwiqFw0P,0.0,0.0,,,6.877709101332193e+17,Andrew Maclean,#OscarsSoWhite (made by me) https://t.co/IyHwiqFw0P,#OscarsSoWhite (made by me) https://t.co/IyHwiqFw0P,,1076.0,994.0,1064.0,,0.0,,,,,,,Thu Jan 14 17:58:57 +0000 2016,ajmaclean,,,20,2016,1,14,01/14/2016,,,,
Sun Feb 28 22:15:06 +0000 2021,1614550506658,1366149958735380490,Another #oscarssowhite? Hollywood Foreign Press Association pledges to address the @LATimes report that @GoldenGlobes voting body has zero Black members #hollywooddiversity https://t.co/8mqtT5ff6X,4746090250.0,NBC10Boston,NBC10 Boston,28906,"Boston, MA",Fri Jan 08 16:30:26 +0000 2016,401.0,84903.0,True,1.3661499587353805e+18,"<a href=""http://www.socialflow.com"" rel=""nofollow"">SocialFlow</a>",True,,,,,,False,0.0,0.0,0.0,0.0,False,False,low,en,False,,,Another #oscarssowhite? Hollywood Foreign Press Association pledges to address the @LATimes report that… https://t.co/aVTSMo8fes,,,,,,,,,,,,,,,,,,,,,,,,,22,2021,2,28,02/28/2021,,,,
Sun Feb 28 20:35:24 +0000 2016,1456691724000,704117735437893634,RT @JordannMonet: #OscarsSoWhite  https://t.co/AbER2HB5fN,,glenpalmtree,fried plantains,2036,,Sun Sep 25 21:40:01 +0000 2011,299.0,54470.0,,,"<a href=""http://twitter.com/download/iphone"" rel=""nofollow"">Twitter for iPhone</a>",False,,,,,,,,,,0.0,,,,en,,,,RT @JordannMonet: #OscarsSoWhite  https://t.co/AbER2HB5fN,0.0,0.0,,,7.041156832991928e+17,Ava-cado,#OscarsSoWhite  https://t.co/AbER2HB5fN,#OscarsSoWhite  https://t.co/AbER2HB5fN,,270.0,255.0,4532.0,,0.0,,,,,,,Sun Feb 28 20:27:15 +0000 2016,JordannMonet,,,20,2016,2,28,02/28/2016,,,,
Tue Jan 19 13:56:21 +0000 2016,1453211781000,689521796601622528,RT @TheLibRepublic: Video: 'Fresh Prince' Star Blasts @jadapsmith's Calls to Boycott #Oscars2016 https://t.co/MbWb2kWqFo #OscarsSoWhite #Osâ€¦,,MousseauJim,MooseMan,620,"Ottawa, Ontario",Tue Oct 01 18:47:46 +0000 2013,751.0,18794.0,,,"<a href=""http://twitter.com/download/iphone"" rel=""nofollow"">Twitter for iPhone</a>",False,,,,,,,,,,0.0,,,,en,,,,RT @TheLibRepublic: Video: 'Fresh Prince' Star Blasts @jadapsmith's Calls to Boycott #Oscars2016 https://t.co/MbWb2kWqFo #OscarsSoWhite #Osâ€¦,0.0,0.0,,,6.895127143481836e+17,Libertarian Republic,Video: 'Fresh Prince' Star Blasts @jadapsmith's Calls to Boycott #Oscars2016 https://t.co/MbWb2kWqFo #OscarsSoWhite #Oscars #tcot #tlot,Video: 'Fresh Prince' Star Blasts @jadapsmith's Calls to Boycott #Oscars2016 https://t.co/MbWb2kWqFo #OscarsSoWhite #Oscars #tcot #tlot,,30469.0,37715.0,9887.0,,0.0,,,,,,,Tue Jan 19 13:20:16 +0000 2016,TheLibRepublic,,,13,2016,1,19,01/19/2016,,,,
Sat Feb 25 02:55:59 +0000 2017,1487991359000,835397919704481793,What do you all think? Was the #oscarssowhite campaign effective?  https://t.co/45wbAjew0N,,loumensahstudio,lmstudio,285,London,Tue Oct 21 12:38:18 +0000 2014,394.0,1624.0,,,"<a href=""http://twitter.com/download/iphone"" rel=""nofollow"">Twitter for iPhone</a>",False,,,,,,,,,,0.0,,,,en,,,,What do you all think? Was the #oscarssowhite campaign effective?  https://t.co/45wbAjew0N,0.0,0.0,,,,,,,,0.0,0.0,0.0,,0.0,,,,,,,,,,,2,2017,2,25,02/25/2017,,,,
Sun Feb 28 19:59:30 +0000 2016,1456689570000,704108700894687232,RT @BET: #OscarsSoWhite ðŸ˜’ðŸ˜’ https://t.co/FZ08cLwdWU,,Allycat_Strikes,Lova-lee,309,Somewhere minding my business,Mon Jan 10 22:22:10 +0000 2011,372.0,47371.0,,,"<a href=""http://twitter.com"" rel=""nofollow"">Twitter Web Client</a>",False,,,,,,,,,,0.0,,,,en,,,,RT @BET: #OscarsSoWhite ðŸ˜’ðŸ˜’ https://t.co/FZ08cLwdWU,0.0,0.0,,,7.041007722130391e+17,BET,#OscarsSoWhite ðŸ˜’ðŸ˜’ https://t.co/FZ08cLwdWU,#OscarsSoWhite ðŸ˜’ðŸ˜’ https://t.co/FZ08cLwdWU,,861.0,1838942.0,66347.0,,0.0,,,,,,,Sun Feb 28 19:28:00 +0000 2016,BET,,,19,2016,2,28,02/28/2016,,,,
Thu Jan 14 21:59:39 +0000 2016,1452808779000,687831483680210945,RT @JoyAnnReid: #OscarsSoWhite black people can't even get nominated for the movies about black people... https://t.co/3ZM9y09R7b,,hyppimagik,Cat James,84,ya mama house ,Mon Nov 16 01:39:18 +0000 2015,77.0,2215.0,,,"<a href=""http://twitter.com/download/iphone"" rel=""nofollow"">Twitter for iPhone</a>",False,,,,,,,,,,0.0,,,,en,,,,RT @JoyAnnReid: #OscarsSoWhite black people can't even get nominated for the movies about black people... https://t.co/3ZM9y09R7b,0.0,0.0,,,6.876751580149023e+17,Joy Reid,#OscarsSoWhite black people can't even get nominated for the movies about black people... https://t.co/3ZM9y09R7b,#OscarsSoWhite black people can't even get nominated for the movies about black people... https://t.co/3ZM9y09R7b,,2931.0,176433.0,68464.0,,0.0,,,,,,,Thu Jan 14 11:38:28 +0000 2016,JoyAnnReid,,,21,2016,1,14,01/14/2016,,,,
Wed Jan 27 14:01:05 +0000 2016,1453903265000,692422090725523456,"Joseph Fiennes to play Michael Jackson...: With all the controversy over #OscarsSoWhite, now may not have been... https://t.co/pnyk7iWlWg",,lucylenan84,LucKy8484,4858,,Wed Jul 01 04:06:37 +0000 2009,5203.0,336895.0,,,"<a href=""http://twitterfeed.com"" rel=""nofollow"">twitterfeed</a>",False,,,,,,,,,,0.0,,,,en,,,,"Joseph Fiennes to play Michael Jackson...: With all the controversy over #OscarsSoWhite, now may not have been... https://t.co/pnyk7iWlWg",0.0,0.0,,,,,,,,0.0,0.0,0.0,,0.0,,,,,,,,,,,14,2016,1,27,01/27/2016,,,,
Tue Jan 24 12:14:01 +0000 2017,1485260041000,823941941704478725,Un aÃ±o de diversidad acaba con el #OscarsSoWhite https://t.co/KL4yEvyyjN,,DjSofiaIbiza,DjSofiaIbiza,1774,Ibiza,Thu Mar 12 17:46:11 +0000 2015,3655.0,25835.0,,,"<a href=""https://www.rssflare.com"" rel=""nofollow"">RSSFlare</a>",False,,,,,,,,,,0.0,,,,es,,,,Un aÃ±o de diversidad acaba con el #OscarsSoWhite https://t.co/KL4yEvyyjN,0.0,0.0,,,,,,,,0.0,0.0,0.0,,0.0,,,,,,,,,,,12,2017,1,24,01/24/2017,,,,
Tue Mar 01 00:32:58 +0000 2016,1456792378000,704539908921286656,RT @PoliticsJim: Now that the #Oscars are over... #OscarsSoWhite so white because....,,LHarlakinden,Lauren Harlakinden,171,Seattle,Sat Jan 02 12:30:29 +0000 2016,1236.0,31346.0,,,"<a href=""http://twitter.com"" rel=""nofollow"">Twitter Web Client</a>",False,,,,,,,,,,0.0,,,,en-gb,,,,RT @PoliticsJim: Now that the #Oscars are over... #OscarsSoWhite so white because....,0.0,0.0,,,7.04538681453867e+17,Politics Jim,Now that the #Oscars are over... #OscarsSoWhite so white because....,Now that the #Oscars are over... #OscarsSoWhite so white because....,,22960.0,39053.0,3219.0,,0.0,,,,,,,Tue Mar 01 00:28:06 +0000 2016,PoliticsJim,,,0,2016,3,1,03/01/2016,,,,
Sat Feb 21 23:18:44 +0000 2015,1424560724000,569350553601331200,"RT @HuffingtonPost: #OscarsSoWhite isn't just a hashtag. It's a real problem
https://t.co/TDl53Usnr0",,kawaiibizzle,#AllLivesMatter,1057,,Sat May 12 02:19:02 +0000 2012,483.0,11831.0,,,"<a href=""http://twitter.com/download/iphone"" rel=""nofollow"">Twitter for iPhone</a>",False,,,,,,,,,,0.0,,,,en,,,,"RT @HuffingtonPost: #OscarsSoWhite isn't just a hashtag. It's a real problem
https://t.co/TDl53Usnr0",0.0,0.0,,,5.6919088582230835e+17,Huffington Post,"#OscarsSoWhite isn't just a hashtag. It's a real problem
https://t.co/TDl53Usnr0","#OscarsSoWhite isn't just a hashtag. It's a real problem
https://t.co/TDl53Usnr0",,5568.0,5314832.0,388543.0,,0.0,,,,,,,Sat Feb 21 12:44:16 +0000 2015,HuffingtonPost,,,23,2015,2,21,02/21/2015,,,,
Sun Jan 17 11:31:41 +0000 2016,1453030301000,688760614290759680,#OscarsSoWhite can't decide if I should not watch because it's blatant unfairness... Or watch so Chris can set people straightðŸ˜³,,Jenteaches5th,Jennifer Shindoll,17,"Colorado, USA",Tue Dec 29 19:03:13 +0000 2015,60.0,44.0,,,"<a href=""http://twitter.com/download/iphone"" rel=""nofollow"">Twitter for iPhone</a>",False,,,,,,,,,,0.0,,,,en,,,,#OscarsSoWhite can't decide if I should not watch because it's blatant unfairness... Or watch so Chris can set people straightðŸ˜³,0.0,0.0,,,,,,,,0.0,0.0,0.0,,0.0,,,,,,,,,,,11,2016,1,17,01/17/2016,,,,
Thu Jan 15 23:59:11 +0000 2015,1421366351000,555952382149156864,RT @amandaseales: For everyone lying to themselves. #oscarssowhite http://t.co/bKurAyAjvH,,AAPremlall,Anandi A. Premlall,7168,à¥� | Queens | NYC  |  Earth,Fri Jan 08 16:50:05 +0000 2010,4919.0,85002.0,,,"<a href=""http://twitter.com/download/android"" rel=""nofollow"">Twitter for Android</a>",False,,,,,,,,,,0.0,,,,en,,,,RT @amandaseales: For everyone lying to themselves. #oscarssowhite http://t.co/bKurAyAjvH,0.0,0.0,,,5.5584842838810214e+17,Amanda Seales,For everyone lying to themselves. #oscarssowhite http://t.co/bKurAyAjvH,For everyone lying to themselves. #oscarssowhite http://t.co/bKurAyAjvH,,1616.0,64964.0,110432.0,,0.0,,,,,,,Thu Jan 15 17:06:07 +0000 2015,amandaseales,,,23,2015,1,15,01/15/2015,,,,
Wed Jan 20 14:12:34 +0000 2016,1453299154000,689888265512620032,RT @bbcmundo: #OscarsSoWhite: Los actores no blancos que segÃºn los crÃ­ticos deberÃ­an estar nominados https://t.co/lHKNa2R4td https://t.co/Lâ€¦,,elizabe18836143,elizabeth ojeda,381,,Sun Jun 02 16:50:04 +0000 2013,357.0,46969.0,,,"<a href=""http://twitter.com"" rel=""nofollow"">Twitter Web Client</a>",False,,,,,,,,,,0.0,,,,es,,,,RT @bbcmundo: #OscarsSoWhite: Los actores no blancos que segÃºn los crÃ­ticos deberÃ­an estar nominados https://t.co/lHKNa2R4td https://t.co/Lâ€¦,0.0,0.0,,,6.898863740282511e+17,BBC Mundo,#OscarsSoWhite: Los actores no blancos que segÃºn los crÃ­ticos deberÃ­an estar nominados https://t.co/lHKNa2R4td https://t.co/LDIjkdT9k0,#OscarsSoWhite: Los actores no blancos que segÃºn los crÃ­ticos deberÃ­an estar nominados https://t.co/lHKNa2R4td https://t.co/LDIjkdT9k0,,327.0,1567067.0,101693.0,,0.0,,,,,,,Wed Jan 20 14:05:03 +0000 2016,bbcmundo,,,14,2016,1,20,01/20/2016,,,,
Sun Jan 18 10:55:49 +0000 2015,1421578549000,556842405073522688,"RT @wjlly2: #OscarsSoWhite the only time a Black person is nominated, let alone wins, is if they're in a role as a slave or the help.",,WheresYourVoice,N3-NubianNewsNetwork,921,,Sun Nov 06 19:48:16 +0000 2011,2001.0,12593.0,,,"<a href=""http://twitter.com"" rel=""nofollow"">Twitter Web Client</a>",False,,,,,,,,,,0.0,,,,en,,,,"RT @wjlly2: #OscarsSoWhite the only time a Black person is nominated, let alone wins, is if they're in a role as a slave or the help.",0.0,0.0,,,5.5574167343978086e+17,King of Thotness,"#OscarsSoWhite the only time a Black person is nominated, let alone wins, is if they're in a role as a slave or the help.","#OscarsSoWhite the only time a Black person is nominated, let alone wins, is if they're in a role as a slave or the help.",,288.0,4304.0,14312.0,,0.0,,,,,,,Thu Jan 15 10:01:54 +0000 2015,wjlly2,,,10,2015,1,18,01/18/2015,,,,
Fri Jan 22 21:02:25 +0000 2016,1453496545000,690716183369150464,RT @kvxll: a year later and this is still relevant. #OscarsSoWhite https://t.co/xXmWlujM9Z,,hurlockh0lmes,Sanna,269,lotr â‹† sw â‹† star trek â‹† hp,Fri Oct 16 15:28:55 +0000 2009,86.0,16413.0,,,"<a href=""http://twitter.com/download/iphone"" rel=""nofollow"">Twitter for iPhone</a>",False,,,,,,,,,,0.0,,,,en,,,,RT @kvxll: a year later and this is still relevant. #OscarsSoWhite https://t.co/xXmWlujM9Z,0.0,0.0,,,6.88400816797909e+17,austin,a year later and this is still relevant. #OscarsSoWhite https://t.co/xXmWlujM9Z,a year later and this is still relevant. #OscarsSoWhite https://t.co/xXmWlujM9Z,,2710.0,5184.0,955.0,,0.0,,,,,,,Sat Jan 16 11:41:59 +0000 2016,kvxll,,,21,2016,1,22,01/22/2016,,,,
Mon Feb 29 00:25:45 +0000 2016,1456705545000,704175704913522688,RT @JamilahLemieux: You don't say! #OscarsSoWhite https://t.co/eqCyz94MWb,,blknrdproblems,Black Nerd Problems,8640,"SouthSide, Water Tribe",Mon Feb 10 00:39:57 +0000 2014,622.0,20150.0,,,"<a href=""http://twitter.com"" rel=""nofollow"">Twitter Web Client</a>",False,,,,,,,,,,0.0,,,,en,,,,RT @JamilahLemieux: You don't say! #OscarsSoWhite https://t.co/eqCyz94MWb,0.0,0.0,,,7.035711727478333e+17,jamilah lemieux,You don't say! #OscarsSoWhite https://t.co/eqCyz94MWb,You don't say! #OscarsSoWhite https://t.co/eqCyz94MWb,,4343.0,76995.0,178547.0,,0.0,,,,,,,Sat Feb 27 08:23:33 +0000 2016,JamilahLemieux,,,0,2016,2,29,02/29/2016,,,,
Wed Jan 20 21:30:44 +0000 2016,1453325444000,689998533768974336,Srtna Slava! #shlivo #sarma #serbianholidays #family #food #fun #laughs #blessed #serbianorthodox #ziva #party #shots #yolo #OscarsSoWhite,,MitarKnezic,Deda,22,,Thu Nov 15 17:46:06 +0000 2012,55.0,126.0,,,"<a href=""http://twitter.com"" rel=""nofollow"">Twitter Web Client</a>",False,,,,,,,,,,0.0,,,,en,,,,Srtna Slava! #shlivo #sarma #serbianholidays #family #food #fun #laughs #blessed #serbianorthodox #ziva #party #shots #yolo #OscarsSoWhite,0.0,0.0,,,,,,,,0.0,0.0,0.0,,0.0,,,,,,,,,,,21,2016,1,20,01/20/2016,,,,
Sun Feb 07 22:32:59 +0000 2016,1454884379000,696537181083533312,I hope Manning says he's going to the Oscars instead of Disneyworld. #OscarsSoWhite,,USAforWhites,White American âš™,329,"Kentucky, USA",Tue Nov 17 16:47:15 +0000 2015,290.0,6461.0,,,"<a href=""http://twitter.com/#!/download/ipad"" rel=""nofollow"">Twitter for iPad</a>",False,,,,,,,,,,0.0,,,,en,,,,I hope Manning says he's going to the Oscars instead of Disneyworld. #OscarsSoWhite,0.0,0.0,,,,,,,,0.0,0.0,0.0,,0.0,,,,,,,,,,,22,2016,2,7,02/07/2016,,,,
Fri Jan 15 07:09:59 +0000 2016,1452841799000,687969979627663360,RT @localtourkey: Oscar Winning Wardrobes Throughout History https://t.co/WePxfKVvrA #OscarsSoWhite,,cohron17,cohron plasencia,0,,Fri Jan 15 06:59:21 +0000 2016,3.0,7.0,,,"<a href=""http://twitter.com/download/android"" rel=""nofollow"">Twitter for Android</a>",False,,,,,,,,,,0.0,,,,en,,,,RT @localtourkey: Oscar Winning Wardrobes Throughout History https://t.co/WePxfKVvrA #OscarsSoWhite,0.0,0.0,,,6.877695392207708e+17,Seven24Like,Oscar Winning Wardrobes Throughout History https://t.co/WePxfKVvrA #OscarsSoWhite,Oscar Winning Wardrobes Throughout History https://t.co/WePxfKVvrA #OscarsSoWhite,,167280.0,162377.0,910713.0,,0.0,,,,,,,Thu Jan 14 17:53:30 +0000 2016,localtourkey,,,7,2016,1,15,01/15/2016,,,,
Thu Jan 14 19:16:44 +0000 2016,1452799004000,687790484375388160,"RT @ZombieNeith: ""Hurrdurr, #OscarsSoWhite! Participatory awards for every PoC should be mandatory, amirite?!""

Mfw https://t.co/2btamUjjOg",,brightonus33,Brighton E . Whytock,260,On the side of a mountain.,Sun Dec 27 10:47:07 +0000 2015,374.0,1912.0,,,"<a href=""http://twitter.com/download/android"" rel=""nofollow"">Twitter for Android</a>",False,,,,,,,,,,0.0,,,,en,,,,"RT @ZombieNeith: ""Hurrdurr, #OscarsSoWhite! Participatory awards for every PoC should be mandatory, amirite?!""

Mfw https://t.co/2btamUjjOg",0.0,0.0,,,6.877521433113641e+17,Radagast the Brown,"""Hurrdurr, #OscarsSoWhite! Participatory awards for every PoC should be mandatory, amirite?!""

Mfw https://t.co/2btamUjjOg","""Hurrdurr, #OscarsSoWhite! Participatory awards for every PoC should be mandatory, amirite?!""

Mfw https://t.co/2btamUjjOg",,2906.0,7071.0,86919.0,,0.0,,,,,,,Thu Jan 14 16:44:23 +0000 2016,ZombieNeith,,,19,2016,1,14,01/14/2016,,,,
Thu Jan 28 04:23:10 +0000 2016,1453954990000,692639041066414080,"Outburst Erupts After White Actor Is Cast As Michael Jackson: Â Following the recent #OscarsSoWhite movement,Â  ... https://t.co/hYARiU1Zm8",,Blackcard_HQ,IG - @BLACKCARD_HQ,38745,"Lagos, Nigeria ~ Pretoria, SA",Sat Jan 21 04:15:55 +0000 2012,20976.0,65221.0,,,"<a href=""http://twitterfeed.com"" rel=""nofollow"">twitterfeed</a>",False,,,,,,,,,,0.0,,,,en,,,,"Outburst Erupts After White Actor Is Cast As Michael Jackson: Â Following the recent #OscarsSoWhite movement,Â  ... https://t.co/hYARiU1Zm8",0.0,0.0,,,,,,,,0.0,0.0,0.0,,0.0,,,,,,,,,,,4,2016,1,28,01/28/2016,,,,
Mon Feb 29 13:59:48 +0000 2016,1456754388000,704380567299694592,Did #SCOTUS #JusticeThomas speak because #OscarsSoWhite ?,,jgb18,Joanie,11,,Tue Jul 07 19:45:16 +0000 2009,43.0,1249.0,,,"<a href=""http://twitter.com"" rel=""nofollow"">Twitter Web Client</a>",False,,,,,,,,,,0.0,,,,en,,,"Wheaton, MD",Did #SCOTUS #JusticeThomas speak because #OscarsSoWhite ?,0.0,0.0,,US,,,,,,0.0,0.0,0.0,,0.0,,,,,,,,,,,13,2016,2,29,02/29/2016,,,,
Fri Jan 16 05:35:52 +0000 2015,1421386552000,556037111304822784,"RT @Al_Gorelioni: The last time 'we' voted for someone based on their skin color it was a colossal mistake. #OscarsSoWhite 
.
#tcot http://â€¦",,1Viperbabe,â�¤ï¸�Princessâ�¤ï¸�,4242,,Fri Apr 17 06:50:50 +0000 2009,2059.0,173696.0,,,"<a href=""http://twitter.com/download/iphone"" rel=""nofollow"">Twitter for iPhone</a>",False,,,,,,,,,,0.0,,,,en,,,,"RT @Al_Gorelioni: The last time 'we' voted for someone based on their skin color it was a colossal mistake. #OscarsSoWhite 
.
#tcot http://â€¦",0.0,0.0,,,5.5583768090772685e+17,Al Gorelioni,"The last time 'we' voted for someone based on their skin color it was a colossal mistake. #OscarsSoWhite 
.
#tcot http://t.co/6kyfktWHBs","The last time 'we' voted for someone based on their skin color it was a colossal mistake. #OscarsSoWhite 
.
#tcot http://t.co/6kyfktWHBs",,10242.0,10917.0,91346.0,,0.0,,,,,,,Thu Jan 15 16:23:24 +0000 2015,Al_Gorelioni,,,5,2015,1,16,01/16/2015,,,,
Wed Jan 20 04:20:34 +0000 2016,1453263634000,689739283863879680,"April Reign, Creator of #OscarsSoWhite, Decries Lack of Diversity in... https://t.co/Q2xFELD4ev",,lilsmitth,lil smitth,1481,Nairobi,Sat Dec 18 07:29:17 +0000 2010,1378.0,31120.0,,,"<a href=""http://www.facebook.com/twitter"" rel=""nofollow"">Facebook</a>",False,,,,,,,,,,0.0,,,,en,,,,"April Reign, Creator of #OscarsSoWhite, Decries Lack of Diversity in... https://t.co/Q2xFELD4ev",0.0,0.0,,,,,,,,0.0,0.0,0.0,,0.0,,,,,,,,,,,4,2016,1,20,01/20/2016,,,,
Mon Apr 26 01:33:12 +0000 2021,1619400792663,1386493532727353347,RT @ReignOfApril: Chloé Zhao is the second woman to win the Best Director #Oscars. Ever. #OscarsSoWhite.,4078615702.0,hezjbranch,🇹🇹🌊HEZEKIAH🌊🇧🇧,428,"Boston, MA",Fri Oct 30 23:25:42 +0000 2015,759.0,4719.0,False,1.3864935327273533e+18,"<a href=""http://twitter.com/download/iphone"" rel=""nofollow"">Twitter for iPhone</a>",False,,,,,,False,0.0,0.0,0.0,0.0,False,False,low,en,,,,RT @ReignOfApril: Chloé Zhao is the second woman to win the Best Director #Oscars. Ever. #OscarsSoWhite.,,,,,1.3864853432480768e+18,April,Chloé Zhao is the second woman to win the Best Director #Oscars. Ever. #OscarsSoWhite.,Chloé Zhao is the second woman to win the Best Director #Oscars. Ever. #OscarsSoWhite.,679.0,3122.0,186208.0,567844.0,119972954.0,147.0,5.0,11.0,True,"Washington, DC",False,"<a href=""http://twitter.com/download/iphone"" rel=""nofollow"">Twitter for iPhone</a>",Mon Apr 26 01:00:40 +0000 2021,ReignOfApril,,,1,2021,4,26,04/26/2021,,,,
Sun Feb 28 17:29:22 +0000 2016,1456680562000,704070918641995777,RT @guardian: Will 2016 be the last â€˜whiteâ€™ Academy Awards? #OscarsSoWhite https://t.co/MEZnbuQetz,,NewsdeskUK,Newsdesk UK,2163,UK,Sun Nov 18 17:11:27 +0000 2012,489.0,140972.0,,,"<a href=""https://roundteam.co"" rel=""nofollow"">RoundTeam</a>",False,,,,,,,,,,0.0,,,,en,,,,RT @guardian: Will 2016 be the last â€˜whiteâ€™ Academy Awards? #OscarsSoWhite https://t.co/MEZnbuQetz,0.0,0.0,,,7.040694972510454e+17,The Guardian,Will 2016 be the last â€˜whiteâ€™ Academy Awards? #OscarsSoWhite https://t.co/MEZnbuQetz,Will 2016 be the last â€˜whiteâ€™ Academy Awards? #OscarsSoWhite https://t.co/MEZnbuQetz,,1112.0,5226755.0,221774.0,,0.0,,,,,,,Sun Feb 28 17:23:43 +0000 2016,guardian,,,17,2016,2,28,02/28/2016,,,,
Sun Feb 28 22:58:57 +0000 2016,1456700337000,704153860991008768,"RT @KateMedia: ""It should be Asian, Hispanic..."" FINALLY. So many others left out #Oscars #OscarsSoWhite https://t.co/nBfy8pcedQ",,SKey_531,Shirley,445,Canada,Sun Sep 11 17:10:05 +0000 2011,406.0,2769.0,,,"<a href=""http://twitter.com"" rel=""nofollow"">Twitter Web Client</a>",False,,,,,,,,,,0.0,,,,en,,,,"RT @KateMedia: ""It should be Asian, Hispanic..."" FINALLY. So many others left out #Oscars #OscarsSoWhite https://t.co/nBfy8pcedQ",0.0,0.0,,,7.041464983263683e+17,Kate Adach,"""It should be Asian, Hispanic..."" FINALLY. So many others left out #Oscars #OscarsSoWhite https://t.co/nBfy8pcedQ","""It should be Asian, Hispanic..."" FINALLY. So many others left out #Oscars #OscarsSoWhite https://t.co/nBfy8pcedQ",,2635.0,2940.0,4239.0,,0.0,,,,,,,Sun Feb 28 22:29:42 +0000 2016,KateMedia,,,22,2016,2,28,02/28/2016,,,,
Sat Feb 13 04:52:39 +0000 2016,1455339159000,698444666669244417,RT @meakoopa: #OscarsSoWhite this is the only time a black man gets to hold an oscar this year: https://t.co/kpqGIxyTnF,,canudigelvis,sweet pwussy satday,666,,Tue Apr 21 17:06:56 +0000 2015,355.0,46639.0,,,"<a href=""http://twitter.com/download/iphone"" rel=""nofollow"">Twitter for iPhone</a>",False,,,,,,,,,,0.0,,,,en,,,,RT @meakoopa: #OscarsSoWhite this is the only time a black man gets to hold an oscar this year: https://t.co/kpqGIxyTnF,0.0,0.0,,,6.956628843412849e+17,max im a koopa,#OscarsSoWhite this is the only time a black man gets to hold an oscar this year: https://t.co/kpqGIxyTnF,#OscarsSoWhite this is the only time a black man gets to hold an oscar this year: https://t.co/kpqGIxyTnF,,997.0,3097.0,41798.0,,0.0,,,,,,,Fri Feb 05 12:38:51 +0000 2016,meakoopa,,,4,2016,2,13,02/13/2016,,,,
Sun Feb 28 21:31:44 +0000 2016,1456695104000,704131912189612032,@CBSEntDiversity Whoopi beautifully expressing an interest in inclusion acrossthe board. #OscarsSoWhite #Oscars https://t.co/KJfd2pQjJe,,ExceZZiveClaZZ,Love Sosa,417,Naija| Tejas| Pgh| NYC| LA,Tue Apr 26 11:43:54 +0000 2011,773.0,6730.0,,,"<a href=""http://twitter.com/download/android"" rel=""nofollow"">Twitter for Android</a>",False,,,,CBSEntDiversity,,,,,,0.0,,,,en,,,,@CBSEntDiversity Whoopi beautifully expressing an interest in inclusion acrossthe board. #OscarsSoWhite #Oscars https://t.co/KJfd2pQjJe,0.0,0.0,,,,,,,,0.0,0.0,0.0,,0.0,,,,,,,,,,,21,2016,2,28,02/28/2016,,,,
Mon Feb 23 13:16:15 +0000 2015,1424697375000,569923709466767360,"RT @vanessaperumal: Truly an important hashtag #OscarsSoWhite a ripple affect on many levels - economic empowerment, perpetuating oppressivâ€¦",,PennyLebyane,Penny Lebyane,108194,"South Africa, Africa,Global",Tue Jun 16 08:18:55 +0000 2009,1757.0,18202.0,,,"<a href=""http://twitter.com/download/android"" rel=""nofollow"">Twitter for Android</a>",False,,,,,,,,,,0.0,,,,en,,,,"RT @vanessaperumal: Truly an important hashtag #OscarsSoWhite a ripple affect on many levels - economic empowerment, perpetuating oppressivâ€¦",0.0,0.0,,,5.699205524812677e+17,#PublicityConnect,"Truly an important hashtag #OscarsSoWhite a ripple affect on many levels - economic empowerment, perpetuating oppressive narratives","Truly an important hashtag #OscarsSoWhite a ripple affect on many levels - economic empowerment, perpetuating oppressive narratives",,980.0,2864.0,28462.0,,0.0,,,,,,,Mon Feb 23 13:03:42 +0000 2015,vanessaperumal,,,13,2015,2,23,02/23/2015,,,,
Thu Jan 15 19:29:08 +0000 2015,1421350148000,555884421862023170,RT @TheDailyEdge: #OscarsSoWhite They've asked Fred Armisen to play Obama in the opening number.,,catboyhope,Queen Nymeria,9,"Toronto, Canada",Thu Jan 15 10:31:56 +0000 2015,63.0,29.0,,,"<a href=""http://twitter.com"" rel=""nofollow"">Twitter Web Client</a>",False,,,,,,,,,,0.0,,,,en,,,,RT @TheDailyEdge: #OscarsSoWhite They've asked Fred Armisen to play Obama in the opening number.,0.0,0.0,,,5.5584454249548186e+17,The Daily Edge,#OscarsSoWhite They've asked Fred Armisen to play Obama in the opening number.,#OscarsSoWhite They've asked Fred Armisen to play Obama in the opening number.,,78077.0,95043.0,38009.0,,0.0,,,,,,,Thu Jan 15 16:50:40 +0000 2015,TheDailyEdge,,,19,2015,1,15,01/15/2015,,,,
Sun Jan 17 16:55:36 +0000 2016,1453049736000,688842130605871104,"@AdamBaldwin Why not #DNCDebate so white? 

#OscarsSoWhite",,Silly_Elsa,Silly Elsa,779,,Wed Apr 15 23:12:59 +0000 2015,1083.0,8007.0,,,"<a href=""http://twitter.com"" rel=""nofollow"">Twitter Web Client</a>",False,,6.888413708537405e+17,,AdamBaldwin,,,,,,0.0,,,,en,,,,"@AdamBaldwin Why not #DNCDebate so white? 

#OscarsSoWhite",0.0,0.0,,,,,,,,0.0,0.0,0.0,,0.0,,,,,,,,,,,16,2016,1,17,01/17/2016,,,,
Mon Feb 29 00:47:21 +0000 2016,1456706841000,704181140744228864,"RT @arden_cho: Congrats Leo, well deserved. Hope one day we got someone representing us taking home an Oscar. #OscarsSoWhite",,_swanxjones,Skywalker.,1090,"Paris, France",Fri Dec 20 10:43:24 +0000 2013,467.0,87726.0,,,"<a href=""http://twitter.com/download/android"" rel=""nofollow"">Twitter for Android</a>",False,,,,,,,,,,0.0,,,,fr,,,,"RT @arden_cho: Congrats Leo, well deserved. Hope one day we got someone representing us taking home an Oscar. #OscarsSoWhite",0.0,0.0,,,7.041802965313413e+17,Arden Cho,"Congrats Leo, well deserved. Hope one day we got someone representing us taking home an Oscar. #OscarsSoWhite","Congrats Leo, well deserved. Hope one day we got someone representing us taking home an Oscar. #OscarsSoWhite",,359.0,636627.0,6653.0,,0.0,,,,,,,Mon Feb 29 00:44:00 +0000 2016,arden_cho,,,0,2016,2,29,02/29/2016,,,,
Thu Feb 04 16:32:18 +0000 2016,1454603538000,695359248562139138,Diversity Commitment #OscarsSoWhite  https://t.co/FLLfRb3h6L,,LiveMood,LiveMood,343,,Mon Oct 10 15:48:47 +0000 2011,287.0,1241.0,,,"<a href=""http://twitter.com/download/android"" rel=""nofollow"">Twitter for Android</a>",False,,,,,,,,,,0.0,,,,fr,,,,Diversity Commitment #OscarsSoWhite  https://t.co/FLLfRb3h6L,0.0,0.0,,,,,,,,0.0,0.0,0.0,,0.0,,,,,,,,,,,16,2016,2,4,02/04/2016,,,,
Mon Feb 29 21:04:19 +0000 2016,1456779859000,704487400437911552,"""There was a lack of diversity in the lack of diversity."" #OnlyOnePercent #DiversityinHollywood #OscarsSoWhite... https://t.co/501ahroU7M",,PinYoung720,Pin Young,118,Los Angeles,Wed Apr 22 16:25:11 +0000 2009,101.0,1127.0,,,"<a href=""http://www.facebook.com/twitter"" rel=""nofollow"">Facebook</a>",False,,,,,,,,,,0.0,,,,en,,,,"""There was a lack of diversity in the lack of diversity."" #OnlyOnePercent #DiversityinHollywood #OscarsSoWhite... https://t.co/501ahroU7M",0.0,0.0,,,,,,,,0.0,0.0,0.0,,0.0,,,,,,,,,,,21,2016,2,29,02/29/2016,,,,
Sun Feb 28 19:25:20 +0000 2016,1456687520000,704100102596472832,"We're allowed to watch the red carpet and the opening monologue, right? #OscarsSoWhite",,soulamami,Fulana de Tal,855,MD Newbie. Bklyn Heart. ,Tue Feb 03 15:06:36 +0000 2009,495.0,39641.0,,,"<a href=""http://twitter.com/download/iphone"" rel=""nofollow"">Twitter for iPhone</a>",False,,,,,,,,,,0.0,,,,en,,,,"We're allowed to watch the red carpet and the opening monologue, right? #OscarsSoWhite",0.0,0.0,,,,,,,,0.0,0.0,0.0,,0.0,,,,,,,,,,,19,2016,2,28,02/28/2016,,,,
Wed Feb 03 05:12:49 +0000 2016,1454476369000,694825863087411200,#OscarsSoWhite: how questions of diversity are inextricably linked to taste https://t.co/zuEGWhj0bz,,EmpirePress,The Empire Press,303,"Manhattan, NY",Sat Nov 06 18:53:10 +0000 2010,60.0,68203.0,,,"<a href=""http://dlvr.it"" rel=""nofollow"">dlvr.it</a>",False,,,,,,,,,,0.0,,,,en,,,,#OscarsSoWhite: how questions of diversity are inextricably linked to taste https://t.co/zuEGWhj0bz,0.0,0.0,,,,,,,,0.0,0.0,0.0,,0.0,,,,,,,,,,,5,2016,2,3,02/03/2016,,,,
Mon Jan 13 15:52:33 +0000 2020,1578930753663,1216749886269358083,#OscarsSoWhite,369043135.0,nwdem,Julie Crow,447,"Washington, USA",Tue Sep 06 17:25:28 +0000 2011,828.0,39713.0,False,1.216749886269358e+18,"<a href=""https://mobile.twitter.com"" rel=""nofollow"">Twitter Web App</a>",False,,,,,,True,0.0,0.0,0.0,0.0,False,False,low,und,,,,#OscarsSoWhite,,,1.21674867951351e+18,,,,,,,,,,,,,,,,,,,,,,15,2020,1,13,01/13/2020,,,,
Sun Mar 04 22:12:30 +0000 2018,1520201550000,970497252694380545,"Maya Rudolph, â€œpeopleâ€ werenâ€™t talking about #OscarsSoWhite â€” it was @ReignOfApril #SayHerName #Oscars",,AdriaQuinones,AmericanPuertoRican,2497,"Washington Heights, NYC",Wed Jan 21 00:58:36 +0000 2015,2620.0,15246.0,,,"<a href=""http://twitter.com/download/iphone"" rel=""nofollow"">Twitter for iPhone</a>",False,,,,,,,,,,0.0,,,,en,,,,"Maya Rudolph, â€œpeopleâ€ werenâ€™t talking about #OscarsSoWhite â€” it was @ReignOfApril #SayHerName #Oscars",0.0,0.0,,,,,,,,0.0,0.0,0.0,,0.0,,,,,,,,,,,22,2018,3,4,03/04/2018,,,,
Sat Jan 30 21:08:35 +0000 2016,1454188115000,693616838215864321,"The #SAGAwards2016 are trying to make up or show out the #OscarsSoWhite . Nice effort - Idris, Latifah &amp; Uzo so far. ðŸ†ðŸ’žðŸ‘‘ðŸ™ŒðŸŒŸðŸŽŠðŸŽ¬ðŸŽ­",,eighthpew,Good Intentions,724,In God's Will,Mon Mar 16 10:04:31 +0000 2015,1070.0,8275.0,,,"<a href=""http://twitter.com/download/android"" rel=""nofollow"">Twitter for Android</a>",False,,,,,,,,,,0.0,,,,en,,,,"The #SAGAwards2016 are trying to make up or show out the #OscarsSoWhite . Nice effort - Idris, Latifah &amp; Uzo so far. ðŸ†ðŸ’žðŸ‘‘ðŸ™ŒðŸŒŸðŸŽŠðŸŽ¬ðŸŽ­",0.0,0.0,,,,,,,,0.0,0.0,0.0,,0.0,,,,,,,,,,,21,2016,1,30,01/30/2016,,,,
Tue Jan 19 19:54:58 +0000 2016,1453233298000,689612045449326592,RT @Lynnbrooklyn: It seems to me a boycott of the #OscarsSoWhite is redundant since folks of color have already been excluded. I prefer theâ€¦,,Perle_pd,Agnus Dei,282,*US Senate|UN Ambassador 2030*,Mon Jul 04 08:54:29 +0000 2011,191.0,32347.0,,,"<a href=""http://twitter.com/download/iphone"" rel=""nofollow"">Twitter for iPhone</a>",False,,,,,,,,,,0.0,,,,en,,,,RT @Lynnbrooklyn: It seems to me a boycott of the #OscarsSoWhite is redundant since folks of color have already been excluded. I prefer theâ€¦,0.0,0.0,,,6.895868382945075e+17,Lynn Nottage,It seems to me a boycott of the #OscarsSoWhite is redundant since folks of color have already been excluded. I prefer the idea of a sit in.,It seems to me a boycott of the #OscarsSoWhite is redundant since folks of color have already been excluded. I prefer the idea of a sit in.,,945.0,6962.0,2714.0,,0.0,,,,,,,Tue Jan 19 18:14:48 +0000 2016,Lynnbrooklyn,,,19,2016,1,19,01/19/2016,,,,
Thu Jan 14 16:42:36 +0000 2016,1452789756000,687751695447781376,"#Newsweek https://t.co/fCnipWUbrr New year, same snubs: #OscarsSoWhite, again https://t.co/z8bI8dGTD3 https://t.co/Iqsr8VwU4T",,WorldNews_24h,World News 24h,1047,United States,Thu May 14 13:20:23 +0000 2015,40.0,578897.0,,,"<a href=""http://ifttt.com"" rel=""nofollow"">IFTTT</a>",False,,,,,,,,,,0.0,,,,en,,,,"#Newsweek https://t.co/fCnipWUbrr New year, same snubs: #OscarsSoWhite, again https://t.co/z8bI8dGTD3 https://t.co/Iqsr8VwU4T",0.0,0.0,,,,,,,,0.0,0.0,0.0,,0.0,,,,,,,,,,,16,2016,1,14,01/14/2016,,,,
Thu Dec 01 12:40:55 +0000 2016,1480596055000,804379766589718528,"RT @time4myopinion: #OscarsSoWhite can be ""canceled"" when âž¡ï¸�ALLâ¬…ï¸�POC see themselves represented in TV &amp; film consistently and well. that'sâ€¦",,thelightleaks,thelightleaks,126,thelightleaks.info@gmail.com,Wed Aug 24 23:24:42 +0000 2016,254.0,180.0,,,"<a href=""http://twitter.com/download/iphone"" rel=""nofollow"">Twitter for iPhone</a>",False,,,,,,,,,,0.0,,,,en,,,,"RT @time4myopinion: #OscarsSoWhite can be ""canceled"" when âž¡ï¸�ALLâ¬…ï¸�POC see themselves represented in TV &amp; film consistently and well. that'sâ€¦",0.0,0.0,,,8.043173744343818e+17,rooney ðŸ�³ï¸�â€�ðŸŒˆðŸ��ðŸ�‚ðŸŒ°,"#OscarsSoWhite can be ""canceled"" when âž¡ï¸�ALLâ¬…ï¸�POC see themselves represented in TV &amp; film consistently and well. that's it. #MashableCancels","#OscarsSoWhite can be ""canceled"" when âž¡ï¸�ALLâ¬…ï¸�POC see themselves represented in TV &amp; film consistently and well. that's it. #MashableCancels",,318.0,83.0,6276.0,,0.0,,,,,,,Thu Dec 01 08:33:00 +0000 2016,time4myopinion,,,12,2016,12,1,12/01/2016,,,,
Wed Jan 20 16:25:04 +0000 2016,1453307104000,689921610250194944,"Oscars 'unlikely to change' despite race protest, insiders suggest https://t.co/WpNnBYxrrh #OscarsSoWhite",,JoyHouseFilmFes,Joy House Film Fes,700,Sydney / Perth / Melbourne,Thu Jun 13 23:13:00 +0000 2013,516.0,2763.0,,,"<a href=""http://mobile.twitter.com"" rel=""nofollow"">Mobile Web</a>",False,,,,,,,,,,0.0,,,,en,,,,"Oscars 'unlikely to change' despite race protest, insiders suggest https://t.co/WpNnBYxrrh #OscarsSoWhite",0.0,0.0,,,,,,,,0.0,0.0,0.0,,0.0,,,,,,,,,,,16,2016,1,20,01/20/2016,,,,
Sun Jan 31 15:20:03 +0000 2016,1454253603000,693891514779439105,#OscarsSoWhite: Why Black Films Have to Be About MLK and White Movies Can Be About a Mop Inventor https://t.co/OH3JSMv45I via @thr,,ElinMcCall,Elin McCall,48,,Wed Mar 19 13:42:56 +0000 2014,306.0,1202.0,,,"<a href=""http://twitter.com"" rel=""nofollow"">Twitter Web Client</a>",False,,,,,,,,,,0.0,,,,en,,,,#OscarsSoWhite: Why Black Films Have to Be About MLK and White Movies Can Be About a Mop Inventor https://t.co/OH3JSMv45I via @thr,0.0,0.0,,,,,,,,0.0,0.0,0.0,,0.0,,,,,,,,,,,15,2016,1,31,01/31/2016,,,,
Wed Nov 15 06:57:40 +0000 2017,1510729060000,930766749968068608,RT @ReignOfApril: I created #OscarsSoWhite when I was 44 years old. Thatâ€™s the day my professional life changed forever in the best pâ€¦ ,,thatgirlneenz,Nina Ainembabazi.,2301,btn a donut & a juice cleanse,Sun May 23 19:05:53 +0000 2010,2475.0,55980.0,,,"<a href=""http://twitter.com/download/iphone"" rel=""nofollow"">Twitter for iPhone</a>",False,,,,,,,,,,0.0,,,,en,,,,RT @ReignOfApril: I created #OscarsSoWhite when I was 44 years old. Thatâ€™s the day my professional life changed forever in the best pâ€¦ ,0.0,0.0,,,9.305513205950505e+17,April,I created #OscarsSoWhite when I was 44 years old. Thatâ€™s the day my professional life changed forever in the best pâ€¦ https://t.co/XwDkG7u5aA,I created #OscarsSoWhite when I was 44 years old. Thatâ€™s the day my professional life changed forever in the best pâ€¦ https://t.co/XwDkG7u5aA,,2997.0,116951.0,424433.0,,0.0,,,,,,,Tue Nov 14 16:41:38 +0000 2017,ReignOfApril,,,6,2017,11,15,11/15/2017,,,,
Mon Jan 13 13:26:17 +0000 2020,1578921977661,1216713077049131008,@liamdeb @TheAcademy #OscarsSoWhite https://t.co/UMVzOI5gRv,630717036.0,jcpenny41,The1WhoKnocks,27,DMV,Mon Jul 09 00:21:14 +0000 2012,230.0,1175.0,False,1.216713077049131e+18,"<a href=""http://twitter.com/download/iphone"" rel=""nofollow"">Twitter for iPhone</a>",False,1.2167121093268316e+18,1.2167121093268316e+18,1232370241.0,liamdeb,,False,0.0,0.0,0.0,0.0,False,False,low,und,False,,,@liamdeb @TheAcademy #OscarsSoWhite https://t.co/UMVzOI5gRv,,,,,,,,,,,,,,,,,,,,,,,,,13,2020,1,13,01/13/2020,,,,
Mon Feb 29 12:41:03 +0000 2016,1456749663000,704360749225869312,"RT @FilmFatale_NYC: ...talking about ""you left Asians out of the #OscarsSoWhite conversation"" - no she did NOT.",,oSoBRANDnew,Tesa (Tehâ€¢sa),352,1970 K Street STE 514 Wash. DC,Tue Apr 21 23:59:42 +0000 2009,260.0,233211.0,,,"<a href=""http://twitter.com/download/iphone"" rel=""nofollow"">Twitter for iPhone</a>",False,,,,,,,,,,0.0,,,,en,,,,"RT @FilmFatale_NYC: ...talking about ""you left Asians out of the #OscarsSoWhite conversation"" - no she did NOT.",0.0,0.0,,,7.043377330246697e+17,Film Fatale NYC,"...talking about ""you left Asians out of the #OscarsSoWhite conversation"" - no she did NOT.","...talking about ""you left Asians out of the #OscarsSoWhite conversation"" - no she did NOT.",,2188.0,15149.0,241282.0,,0.0,,,,,,,Mon Feb 29 11:09:36 +0000 2016,FilmFatale_NYC,,,12,2016,2,29,02/29/2016,,,,
Sat Jan 23 14:59:06 +0000 2016,1453561146000,690987139627024384,Black people going in on #OscarsSoWhite isn't culture embrace either. That's why she said what she said. https://t.co/aY8AdVHdUs,,_JackNForTweets,Sam.,3006,ETX,Wed Apr 20 00:40:33 +0000 2011,1742.0,238108.0,,,"<a href=""http://twitter.com/download/android"" rel=""nofollow"">Twitter for Android</a>",False,,,,,,,,,,0.0,,,,en,,,"Nash, TX",Black people going in on #OscarsSoWhite isn't culture embrace either. That's why she said what she said. https://t.co/aY8AdVHdUs,0.0,0.0,,US,,,,,,0.0,0.0,0.0,,0.0,,,,,,,,,,,14,2016,1,23,01/23/2016,,,,
Mon Jan 18 16:34:28 +0000 2016,1453134868000,689199200093929472,RT @BrookeBCNN: Growing list of stars are boycotting/slamming the #Oscars. Will it have an impact? #OscarsSoWhite @WitherspoonC @CNN https:â€¦,,BIGstevecw,BIGâš¡Steve,1238,www.prowrestlingscoops.com,Wed Apr 28 03:44:55 +0000 2010,1938.0,60575.0,,,"<a href=""http://twitter.com/download/iphone"" rel=""nofollow"">Twitter for iPhone</a>",False,,,,,,,,,,0.0,,,,en,,,,RT @BrookeBCNN: Growing list of stars are boycotting/slamming the #Oscars. Will it have an impact? #OscarsSoWhite @WitherspoonC @CNN https:â€¦,0.0,0.0,,,6.891983518589542e+17,Brooke Baldwin,Growing list of stars are boycotting/slamming the #Oscars. Will it have an impact? #OscarsSoWhite @WitherspoonC @CNN https://t.co/H0K7AwwJuk,Growing list of stars are boycotting/slamming the #Oscars. Will it have an impact? #OscarsSoWhite @WitherspoonC @CNN https://t.co/H0K7AwwJuk,,1943.0,138077.0,26033.0,,0.0,,,,,,,Mon Jan 18 16:31:06 +0000 2016,BrookeBCNN,,,16,2016,1,18,01/18/2016,,,,
Mon Jan 18 17:22:31 +0000 2016,1453137751000,689211292268138496,The @Oscars_Live nominate the BEST actors. Period. NOW we have to nominate people because of there color?! @jadapsmith  #OscarsSoWhite,,kgcallender,Kristen Callender,54,,Fri Feb 27 15:06:38 +0000 2015,161.0,297.0,,,"<a href=""http://twitter.com"" rel=""nofollow"">Twitter Web Client</a>",False,,,,,,,,,,0.0,,,,en,,,,The @Oscars_Live nominate the BEST actors. Period. NOW we have to nominate people because of there color?! @jadapsmith  #OscarsSoWhite,0.0,0.0,,,,,,,,0.0,0.0,0.0,,0.0,,,,,,,,,,,17,2016,1,18,01/18/2016,,,,
Sun Feb 22 21:19:50 +0000 2015,1424639990000,569683019310575616,RT @aboynamedart: We can't even get diversity in the seat-fillers? #OscarsSoWhite,,mitchallzzzn,Mitchell Allison,231,atx,Tue May 10 10:44:47 +0000 2011,184.0,3462.0,,,"<a href=""http://twitter.com/download/iphone"" rel=""nofollow"">Twitter for iPhone</a>",False,,,,,,,,,,0.0,,,,en,,,,RT @aboynamedart: We can't even get diversity in the seat-fillers? #OscarsSoWhite,0.0,0.0,,,5.696821751817462e+17,Arturo R. Garcia,We can't even get diversity in the seat-fillers? #OscarsSoWhite,We can't even get diversity in the seat-fillers? #OscarsSoWhite,,3287.0,3391.0,59139.0,,0.0,,,,,,,Sun Feb 22 21:16:29 +0000 2015,aboynamedart,,,21,2015,2,22,02/22/2015,,,,
Tue Mar 08 15:30:41 +0000 2016,1457451041000,707302541772640256,RT @BrandonIron: . #OscarsSoWhite?  Meh. #SashaGreysFaceSoWhite--&gt; https://t.co/9tRWeCnzoC #BigLoadsMatter #BeforeSheWasFamous #actor httpsâ€¦,,alanparkot2,Al,483,,Fri Aug 07 05:17:10 +0000 2015,879.0,1342.0,,,"<a href=""http://twitter.com/download/iphone"" rel=""nofollow"">Twitter for iPhone</a>",False,,,,,,,,,,0.0,,,,it,,,,RT @BrandonIron: . #OscarsSoWhite?  Meh. #SashaGreysFaceSoWhite--&gt; https://t.co/9tRWeCnzoC #BigLoadsMatter #BeforeSheWasFamous #actor httpsâ€¦,0.0,0.0,,,7.04068020277289e+17,Brandon Iron,. #OscarsSoWhite?  Meh. #SashaGreysFaceSoWhite--&gt; https://t.co/9tRWeCnzoC #BigLoadsMatter #BeforeSheWasFamous #actor https://t.co/0UWOEemLur,. #OscarsSoWhite?  Meh. #SashaGreysFaceSoWhite--&gt; https://t.co/9tRWeCnzoC #BigLoadsMatter #BeforeSheWasFamous #actor https://t.co/0UWOEemLur,,1528.0,7596.0,6701.0,,0.0,,,,,,,Sun Feb 28 17:17:51 +0000 2016,BrandonIron,,,15,2016,3,8,03/08/2016,,,,
