,Best Musical,Best Revival,Leading Actor,Leading Actress,Featured Actor,Featured Actress,Best Direction,Best Book,Best Score,Best Producer,Scenic Design,Costume Design,Lighting Design,Sound Design,Choreography,Orchestrations,Conductor,Stage Technician
2025,Maybe Happy Ending,Sunset Boulevard,Darren Criss - Maybe Happy Ending,Nicole Scherzinger - Sunset Boulevard,Jak Malone - Operation Mincemeat,Natalia Venetia Belcon - Buena Vista Social Club,Michael Arden - Maybe Happy Ending,Will Aronson & Hue Park - Maybe Happy Ending,Will Aronson & Hue Park - Maybe Happy Ending,N/A,Dane Laffrey & George Reeve - Maybe Happy Ending,Paul Tazewell - Death Becomes Her,Jack Knowles - Sunset Boulevard,Jonathan Deans - Buena Vista Social Club,Patricia Delgado & Justin Peck - Buena Vista Social Club,Marco Paguia - Buena Vista Social Club,N/A,N/A
2024,The Outsiders,Merrily We Roll Along,Jonathan Groff - Merrily We Roll Along,Maleah Joi Moon - Hell's Kitchen,Daniel Radcliffe - Merrily We Roll Along,Kecia Lewis - Hell's Kitchen,Danya Taymor - The Outsiders,Shaina Taub - Suffs,Shaina Taub - Suffs,N/A,Tom Scutt - Cabaret,Linda Cho - The Great Gatsby,Hana S Kim & Brian MacDevitt - The Outsiders,Cody Spencer - The Outsiders,Justin Peck - Illinoise,Jonathan Tunick - Merrily We Roll Along,N/A,N/A
2023,Kimberly Akimbo,Parade,J Harrison Ghee - Some Like It Hot,Victoria Clark - Kimberly Akimbo,Alex Newell - Shucked,Bonnie Milligan - Kimberly Akimbo,Michael Arden - Parade,David Lindsay-Abaire - Kimberly Akimbo,Jeanine Tesori & David Lindsay-Abaire - Kimberly Akimbo,N/A,"Beowulf Boritt - New York, New York",Gregg Barnes - Some Like it Hot,Natasha Katz - Sweeney Todd,Nevin Steinberg - Sweeney Todd,Casey Nicholaw - Some Like it Hot,Charlie Rosen & Bryan Carter - Some Like it Hot,N/A,N/A
2022,A Strange Loop,Company,Myles Frost - MJ,Joaquina Kalukango - Paradise Square,Matt Doyle - Company,Patti LuPone - Company,Marianne Elliott - Company,Michael R Jackson - A Strange Loop,Toby Marlow & Lucy Moss - Six,N/A,Bunny Christie - Company,Gabriella Slade - Six,Natasha Katz - MJ,Gareth Owen - MJ,Christopher Wheeldon - MJ,Simon Hale - Girl from the North Country,N/A,N/A
2021,Moulin Rouge!,N/A,Aaron Tveit - Moulin Rouge!,Adrienne Warren - Tina: The Tina Turner Musical,Danny Burstein - Moulin Rouge!,Lauren Patten - Jagged Little Pill,Alex Timbers - Moulin Rouge!,Diablo Cody - Jagged Little Pill,N/A,N/A,Derek McLane - Moulin Rouge!,Catherine Zuber - Moulin Rouge!,Justin Townsend - Moulin Rouge!,Peter Hylenski - Moulin Rouge!,Sonya Tayeh - Moulin Rouge!,Charlie Rosen & Matt Stine & Justin Levine & Katie Kresek - Moulin Rouge!,N/A,N/A
2019,Hadestown,Oklahoma!,Santino Fontana - Tootsie,Stephanie J Block - The Cher Show,André De Shields - Hadestown,Ali Stroker - Oklahoma!,Rachel Chavkin - Hadestown,Robert Horn - Tootsie,Anaïs Mitchell - Hadestown,N/A,Rahcel Hauck - Hadestown,Bob Mackie - The Cher Show,Bradley King - Hadestown,Nevin Steinberg & Jessica Paz - Hadestowm,Sergio Trujillo - Ain't Too Proud,Michael Chorney & Todd Sickafoose - Hadestown,N/A,N/A
2018,The Band's Visit,Once on this Island,Tony Shalhoub - The Band's Visit,Katrina Lenk - The Band's Visit,Ari'el Stachel - The Band's Visit,Lindsay Mendez - Carousel,David Cromer - The Band's Visit,Itamar Moses - The Band's Visit,David Yazbek - The Band's Visit,N/A,David Zinn - Spongebob Squarepants,Catherine Zuber - My Fair Lady,Tyler Micoleau - The Band's Visit,Kai Harada - The Band's Visit,Justin Peck - Carousel,Jamshied Sharifi - The Band's Visit,N/A,N/A
2017,Dear Evan Hansen,"Hello, Dolly!",Ben Platt - Dear Evan Hansen,"Bette Midler - Hello, Dolly!","Gavin Creel - Hello, Dolly!",Rachel Bay Jones - Dear Evan Hansen,Christopher Ashley - Come From Away,Steven Levenson - Dear Evan Hansen,Benj Pasek & Justin Paul - Dear Evan Hansen,N/A,"Mimi Lien - Natasha, Pierre, and the Great Comet of 1812","Santo Loquasto - Hello, Dolly!","Bradley King - Natasha, Pierre, and the Great Comet of 1812",N/A,Andy Blankenburg - Bandstand,Alex Lacamoire - Dear Evan Hansen,N/A,N/A
2016,Hamilton,The Color Purple,Leslie Odom Jr - Hamilton,Cynthia Erivo - The Color Purple,Daveed Diggs - Hamilton,Renée Elise Goldsberry - Hamilton,Thomas Kail - Hamilton,Lin-Mauel Miranda - Hamilton,Lin-Manuel Miranda - Hamilton,N/A,David Rockwell - She Loves Me,Paul Tazewell - Hamilton,Howell Binkley - Hamilton,N/A,Andy Blankenburg - Hamilton,Alex Lacamoire - Hamilton,N/A,N/A
2015,Fun Home,The King and I,Michael Cerveris - Fun Home,Audra McDonald - Porgy and Bess,Christian Borle - Something Rotten,Ruthie Ann Miles - The King and I,Sam Gold - Fun Home,Lisa Kron - Fun Home,Jeanine Tesori & Lisa Kron - Fun Home,N/A,Bob Crowley - An American in Paris,Catherine Zuber - The King and I,Natasha Katz - An American in Paris,N/A,Christopher Wheeldon - An American in Paris,Christopher Austin & Don Sebesky & Bill Elliot - An American in Paris,N/A,N/A
2014,A Gentleman's Guide to Love and Murder,Hedwig and the Angry Inch,Neil Patrick Harris - Hedwig and the Angry Inch,Jessie Mueller - Beautiful,James Monroe Iglehart - Aladdin,Lena Hall - Hedwig and the Angry Inch,Darko Tresnjack - A Gentleman's Guide to Love and Murder,Robert L Freedman - A Gentleman's Guide to Love and Murder,Jason Robert Brown - The Bridges of Madison County,N/A,Christopher Barecca - Rocky,Linda Cho - A Gentleman's Guide to Love and Murder,Kevin Adams - Hedwig and the Angry Inch,N/A,Warren Carlyle - After Midnight,Jason Robert Brown - The Bridges of Madison County,N/A,N/A
2013,Kinky Boots,Pippin,Billy Porter - Kinky Boots,Patina Miller - Pippin,Gabriel Ebert - Matilda,Andrea Martin - Pippin,Diane Paulus - Pippin,Dennis Kelly - Matilda,Cyndi Lauper - Kinky Boots,N/A,Rob Howell - Matilda,William Ivey Long - Cinderella,Hugh Vanstone - Matilda,John Shivers - Kinky Boots,Jerry Mitchell - Kinky Boots,Stephen Oremus - Kinky Boots,N/A,N/A
2012,Once,Porgy and Bess,Steve Kazee - Once,Audra McDonald - Porgy and Bess,Michael McGrath - Nice Work if You Can Get It,Judy Kaye - Nice Work if You Can Get It,John Tiffany - Once,Enda Walsh - Once,Alan Menken & Jack Feldman - Newsies,N/A,Bob Crowley - Once,Gregg Barnes - Follies,Natasha Katz - Once,Clive Goodwin - Once,Christopher Gattelli - Newsies,Martin Lowe - Once,N/A,N/A
2011,The Book of Mormon,Anything Goes,Norbert Leo Butz - Catch Me If You Can,Sutton Foster - Anything Goes,John Larroquette - How to Succeed in Business Without Really Trying,Nikki M James - The Book of Mormon,Casey Nicholaw & Trey Parker - The Book of Mormon,Robert Lopez & Trey Parker & Matt Stone - The Book of Mormon,Robert Lopez & Trey Parker & Matt Stone - The Book of Mormon,N/A,Scott Pask - The Book of Mormon,Tim Chappel & Lizzy Gardiner - Priscella: Queen of the Desert,Brian MacDevitt - The Book of Mormon,Brian Ronan - The Book of Mormon,Kathleen Marshall - Anything Goes,Larry Hochman & Stephen Oremus - The Book of Mormon,N/A,N/A
2010,Memphis,La Cage aux Folles,Douglas Hodge - La Cage aux Folles,Catherine Zeta-Jones - A Little Night Music,Levi Kreis - Million Dollar Quartet,"Katie Finneran - Promises, Promises",Terry Johnson - La Cage aux Folles,Joe DiPietro - Memphis,David Bryan & Joe DiPietro - Memphis,N/A,Christine Jones - American Idiot,Marina Draghici - Fela!,Kevin Adams - American Idiot,Robert Kaplowitz - Fela!,Bill T Jones - Fela!,Daryl Waters & David Bryan - Memphis,N/A,N/A
2009,Billy Elliot,Hair,David Àlvarez & Trent Kowalik & Kiril Kulish - Billy Elliot,Alice Ripley - Next to Normal,Gregory Jbara - Billy Elliot,Karen Olivo - West Side Story,Stephen Daldry - Billy Elliot,Lee Hall - Billy Elliot,Tom Kitt & Brian Yorkey - Next to Normal,N/A,Ian MacNeil - Billy Elliot,Tim Hatley - Shrek,Rick Fisher - Billy Elliot,Paul Arditti - Billy Elliot,Peter Darling - Billy Elliot,Matin Koch - Billy Elliot / Michael Starobin & Tom Kitt - Next To Normal,N/A,N/A
2008,In the Heights,South Pacific,Paulo Szot - South Pacific,Patti LuPone - Gypsy,Boyd Gaines - Gypsy,Laura Benanti - Gypsy,Bartlett Sher - South Pacific,Stew - Passing Strange,Lin-Manuel Miranda - In the Heights,N/A,Michael Yeargan - South Pacific,Catherine Zuber - South Pacific,Donald Holder - South Pacific,Scott Lehrer - South Pacific,Andy Blankenburg - In the Heights,Alex Lacamoire & Bill Sherman - In the Heights,N/A,N/A
2007,Spring Awakening,Company,David Hyde Pierce - Curtains,Christine Ebersole - Grey Gardens,John Gallagher Jr - Spring Awakening,Mary Louise Wilson - Grey Gardens,Michael Mayer - Spring Awakening,Steven Sater - Spring Awakening,Duncan Sheik & Steven Sater - Spring Awakening,N/A,Bob Crowley - Mary Poppins,William Ivey Long - Grey Gardens,Kevin Adams - Spring Awakening,N/A,Bill T Jones - Spring Awakening,Duncan Shiek - Spring Awakening,N/A,N/A
2006,Jersey Boys,The Pajama Game,John Lloyd Young - Jersey Boys,LaChanze - The Color Purple,Christian Hoff - Jersey Boys,Beth Leavel - The Drowsy Chaperone,John Doyle - Sweeny Todd,Bob Martin & Don McKellar - The Drowsy Chaperone,Lisa Lambert & Greg Morrison - The Drowsy Chaperone,N/A,David Gallo - The Drowsy Chaperone,Gregg Barnes - The Drowsy Chaperone,Howell Binkley - Jersey Boys,N/A,Kathleen Marshall - The Pajama Game,Sarah Travis - Sweeny Todd,N/A,N/A
2005,Spamalot,La Cage aux Folles,Norbert Leo Butz - Dirty Rotten Scoundrels,Victoria Clark - The Light in the Piazza,Dan Folger - The 25th Annual Puntum County Spelling Bee,Sara Ramirez - Spamalot,Mike Nichols - Spamalot,Rachel Sheinkin - The 25th Annual Puntum County Spelling Bee,Adam Guettel - The Light in the Piazza,N/A,Michael Yeargan - The Light in the Piazza,Catherie Zuber - The Light in the Piazza,Christopher Akerlind - The Light in the Piazza,N/A,Jerry Mitchell - La Cage aux Folles,Adam Guettel & Ted Sperling & Bruce Coughlin - The Light in the Piazza,N/A,N/A
2004,Avenue Q,Assassins,Hugh Jackman - The Boy from Oz,Idina Menzel - Wicked,Michael Cerveris - Assassins,"Anika Noni Rose - Caroline, Or Change",Joe Mantello - Assassins,Jeff Whitty - Avenue Q,Robert Lopez & Jeff Marx - Avenue Q,N/A,Eugene Lee - Wicked,Susan Hilferty - Wicked,Peggy Eisenhauer & Jules Fisher - Assassins,N/A,Kathleen Marshall - Wonderful Town,Michael Starobrin - Assassins,N/A,N/A
2003,Hairspray,Nine,Harvey Fierstein - Hairspray,Marissa Jaret Winokur - Hairspray,Dick Latessa - Hairspray,Jane Krakowski - Nine,Jack O'Brien - Hairspray,Mark O'Donnell & Thomas Meehan - Hairspray,Marc Shaiman & Scott Wittman - Hairspray,N/A,Catherine Martin - La Bohème,William Ivey Long - Hairspray,Nigel Levings - La Bohème,N/A,Twyla Tharp - Movin' Out,Billy Joel & Stuart Malina - Movin' Out,N/A,N/A
2002,Thoroughly Modern Millie,Into the Woods,John Lithgow - Sweet Smell of Success,Sutton Foster - Thoroughly Modern Millie,Shuler Hensly - Oklahoma!,Harriet Sansom Harris - Thoroughly Modern Millie,John Rando - Urinetown,Greg Kotis - Urinetown,Mark Hollmann - Urinetown,N/A,N/A,Martin Pakledinaz - Thoroughly Modern Millie,Brian MacDevitt - Into the Woods,N/A,Rob Ashford - Thoroughly Modern Millie,Doug Besterman & Ralph Burns - Thoroughly Modern Millie,N/A,N/A
2001,The Producers,42nd Street,Nathan Lane - The Producers,Christine Eberson - 42nd Street,Gary Beach - The Producers,Cady Huffman - The Producers,Susan Stroman - The Producers,Mel Brooks & Thomas Meehan - The Producers,Mel Brooks - The Producers,N/A,Robin Wagner - The Producers,William Ivey Long - The Producers,Peter Kaczorowski - The Producers,N/A,Susan Stroman - The Producers,Doug Besterman - The Producers,N/A,N/A
2000,Contact,Kiss Me Kate,Brian Stokes Mitchell - Kiss Me Kate,Heather Headley - Aida,Boyd Gaines - Contact,Karen Ziemba - Contact,Michael Blakemore - Kiss Me Kate,Richard Nelson - The Dead,Elton John & Tim Rice - Aida,N/A,Bob Crowley - Aida,Martin Pakledinaz - Kiss Me Kate,Natasha Katz - Aida,N/A,Susan Stroman - Contact,Dan Sebesky - Kiss Me Kate,N/A,N/A
1999,Fosse,Annie Get Your Gun,Martin Short - Little Me,Bernadette Peters - Annie Get Your Gun,"Roger Bart - You're A Good Man, Charlie Brown","Kristen Chenowith - You're A Good Man, Charlie Brown",Matthew Bourne - Swan Lake,Alfred Uhry - Parade,Jason Robert Brown - Parade,N/A,N/A,Lez Brotherston - Swan Lake,Andrew Bridge - Fosse,N/A,Matthew Bourne - Swan Lake,Raplh Burns & Doug Besterman - Fosse,N/A,N/A
1998,The Lion King,Cabaret,Alan Cumming - Cabaret,Natasha Richard - Cabaret,Ron Rifkin - Cabaret,Audra McDonald - Ragtime,Julie Taymor - The Lion King,Terrence McNally - Ragtime,Stephen Flaherty - Ragtime,N/A,Richard Hudson - The Lion King,Julie Taymor - The Lion King,Donald Holder - The Lion King,N/A,Garth Fagan - The Lion King,William David Brohn - Ragtime,N/A,N/A
1997,Titanic,Chicago,James Naughton - Chicago,Bebe Neuwirth - Chicago,Chuck Cooper - The Life,Lilias White - The Life,Walter Bobbie - Chicago,Peter Stone - Titanic,Maury Yeston - Titanic,N/A,Stewart Laing - Titanic,Judith Dolan - Candide,Ken Billington - Chicago,N/A,Ann Reinking - Chicago,Jonathan Tunick - Titanic,N/A,N/A
1996,Rent,The King and I,Nathan Lane - A Funny Thing Happened on the Way to the Forum,Donna Murphy - The King and I,Wilson Jermaine - Rent,"Ann Duquesnay -  Bring in 'da Noise, Bring in 'da Funk","George C Wolfe - Bring in 'da Noise, Bring in 'da Funk",Jonathan Larson - Rent,Jonathan Larson - Rent,N/A,Brian Thomson - The King and I,Roger Kirk - The King and I,"Jules Fisher & Peggy Eisenhauer -  Bring in 'da Noise, Bring in 'da Funk",N/A,"Savion Glover -  Bring in 'da Noise, Bring in 'da Funk",N/A,N/A,N/A
1995,Sunset Boulevard,Show Boat,Matthew Broderick - How to Succeed in Business Without Really Trying,Glenn Close - Sunset Boulevard,George Hearn - Sunset Boulevard,Gretha Boston - Show Boat,Harold Prince - Show Boat,Don Black & Christopher Hampton - Sunset Boulevard,Andrew Lloyd Webber - Sunset Boulevard,N/A,John Napier - Sunset Boulevard,Florence Klotz - Show Boat,Andrew Bridge - Sunset Boulevard,N/A,Susan Stroman - Show Boat,N/A,N/A,N/A
1994,Passion,Carousel,Boyd Gaines - She Loves Me,Donna Murphy - Passion,Jarrod Emick - Damn Yankees,Audra McDonald - Carousel,Nicholas Hytner - Carousel,James Lapine - Passion,Stephen Sondheim - Passion,N/A,Bob Crowley - Carousel,Ann Hould-Ward - Beauty and the Beast,N/A,N/A,Sir Kenneth MacMillan,N/A,N/A,N/A
1993,Kiss of the Spider Woman,N/A,Brent Carver - Kiss of the Spider Woman,Chita Rivera - Kiss of the Spider Woman,Anthony Crivello - Kiss of the Spider Woman,Andrea Martin - My Favourite Year,Des McAnuff - The Who's Tommy,Terrence McNally - Kiss of the Spider Woman,John Kander & Fred Ebb - Kiss of the Spider Woman & Pete Townshend - The Who's Tommy,N/A,John Arnone - The Who's Tommy,Florence Klotz - Kiss of the Spider Woman,Chris Parry - The Who's Tommy,N/A,Wayne Cilento - The Who's Tommy,N/A,N/A,N/A
1992,Crazy for You,Guys and Dolls,Gregory Hines - Jelly's Last Jam,Faith Prince - Guys and Dolls,Scott Waara - The Most Happy Fella',Tonya Pinkins - Jelly's Last Jam,Jerry Zaks - Guys and Dolls,William Finn & James Lapine - Falsettos,William Finn - Falsettos,N/A,Tony Walton - Guys and Dolls,William Ivey Long - Crazy for You,Jules Fisher - Jelly's Last Jam,N/A,Susan Stroman - Crazy For You,N/A,N/A,N/A
1991,The Will Rogers Follies,Fiddler on the Roof,Jonathan Pryce - Miss Saigon,Lea Salonga - Miss Saigon,Hinton Battle - Miss Saigon,Daisy Eagen - The Secret Garden,Tommy Tune - The Will Rogers Follies,Marsha Norman - The Secret Garden,Cy Coleman & Betty Comden & Adolph Green - The Will Rogers Follies,N/A,Heidi Landesman - The Secret Garden,Willa Kim - The Will Rogers Follies,Jules Fisher - The Will Rogers Follies,N/A,Tommy Tune - The Will Rogers Follies,N/A,N/A,N/A
1990,City of Angels,Gypsy,James Naughton - City of Angels,Tyne Daly - Gypsy,Michael Jeter - Grand Hotel,Randy Graff - City of Angels,Tommy Tune - Grand Hotel,Larry Gelbart - City of Angels,Cy Coleman & Dave Zippel - City of Angels,N/A,Robin Wagner - City of Angels,Santo Loquasto - Grand Hotel,Jules Fisher - Grand Hotel,N/A,Tommy Tune - Grand Hotel,N/A,N/A,N/A
1989,Jerome Robbins' Broadway,N/A,Jason Alexander - Jerome Robbins' Broadway,Ruth Brown - Black and Blue,Scott Wise - Jerome Robbins' Broadway,Debbie Shapiro - Jerome Robbins' Broadway,Jerome Robbins - Jerome Robbins' Broadway,N/A,N/A,N/A,N/A,Claudio Segovia & Héctor Orezzoli - Black and Blue,Jennifer Tipton - Jerome Robbins' Broadway,N/A,Cholly Atkins & Henry LeTang & Frankie Manning & Hayard Nicholas - Jerome Robbins' Broadway,N/A,N/A,N/A
1988,The Phantom of the Opera,Anything Goes,Michael Crawford - The Phantom of the Opera,Joanna Gleason - Into the Woods,Bill McCutcheon - Anything Goes,Judy Kaye - The Phantom of the Opera,Harold Prince - The Phantom of the Opera,James Lapine - Into the Woods,Stephen Sondheim - Into the Woods,N/A,Maria Björnson - The Phantom of the Opera,Maria Björnson - The Phantom of the Opera,Andrew Bridge - The Phantom of the Opera,N/A,Michael Smuin - Anything Goes,N/A,N/A,N/A
1987,Les Misérables,N/A,Robert Lindsay - Me and My Girl,Maryann Plunkett - Me and My Girl,Michael McGuire - Les Misérables,Frances Ruffelle - Les Misérables,Trevor Nunn & John Caird - Les Misérables,Alain Boublil & Claude-Michel Schönberg - Les Misérables,Alain Boublil & Claude-Michel Schönberg & Herbert Kretzmer - Les Misérables,N/A,John Napier - Les Misérables,John Napier - Starlight Express,David Hersey - Les Misérables,N/A,Gillian Gregory - Me and My Girl,N/A,N/A,N/A
1986,The Mystery of Edwin Drood,Sweet Charity,George Rose - The Mystery of Edwin Drood,Bernadette Peters - Song and Dance,Michael Rupert - Sweet Charity,Bebe Neuwirth - Sweet Charity,Wilford Leach - The Mystery of Edwin Drood,Rupert Holmes - The Mystery of Edwin Drood,Rupert Holmes - The Mystery of Edwin Drood,N/A,N/A,Patricia Zipprodt - Sweet Charity,N/A,N/A,Bob Fosse - Big Deal,N/A,N/A,N/A
1985,Big River,N/A,N/A,N/A,Ron Richardson - Big River,Leilani Jones - Grind,Des McAnuff - Big River,William Hauptman - Big River,Roger Miller - Big River,N/A,Heidi Landesman - Big River,Florence Klotz - Grind,Richard Riddell - Big River,N/A,N/A,N/A,N/A,N/A
1984,La Cage aux Folles,N/A,George Hearn - La Cage aux Folles,Chita Rivera - The Rink,Hinton Battle - The Tap Dance Kid,Lila Kedrova - Zorba,Arthur Laurents - La Cage aux Folles,Harvey Fierstein - La Cage aux Folles,Jerry Herman - La Cage aux Folles,N/A,Tony Straiges - Sunday in the Park with George,Theoni V Aldrege - La Cage aux Folles,Richard Nelson - Sunday in the Park with George,N/A,Danny Daniels - La Cage aux Folles,N/A,N/A,N/A
1983,Cats,On Your Toes,Tommy Tune - My One and Only,Natalia Makarova - On Your Toes,Charles Coles - My One and Only,Betty Buckley - Cats,Trevor Nunn - Cats,T S Elliot - Cats,T S Elliot & Andrew Lloyd Webber - Cats,N/A,N/A,John Napier - Cats,David Hersey - Cats,N/A,Tommy Tune & Thommie Walsh - My One and Only,N/A,N/A,N/A
1982,Nine,N/A,Ben Harney - Dreamgirls,Jennifer Holliday - Dreamgirls,Cleavent Derricks - Dreamgirls,Liliane Montevecchi - Nine,Tommy Tune - Nine,Tom Eyen - Dreamgirls,Maury Yeston - Nine,N/A,N/A,William Ivey Long - Nine,Tharon Musser - Dreamgirls,N/A,Michael Bennett & Michael Peters - Dreamgirls,N/A,N/A,N/A
1981,42nd Street,The Pirates of Penzance,Kevin Kline - The Pirates of Penzance,Lauren Bacall - Woman of the Year,Hinton Battle - Sophisticated Ladies,Marilyn Cooper - Woman of the Year,Wilford Leach - The Pirates of Penzance,Peter Stone - Woman of the Year,Fred Ebb & John Kander - Woman of the Year,N/A,N/A,Willa Kim - Sophisticated Ladies,N/A,N/A,Gower Champion - 42nd Street,N/A,N/A,N/A
1980,Evita,N/A,Jim Dale - Barnum,Patti LuPone - Evita,Mandy Patinkin - Evita,Priscilla Lopez - A Day in Hollywood / A Night in Ukraine,Harold Prince - Evita,Tim Rice - Evita,Tim Rice & Andrew Lloyd Webber - Evita,N/A,David Mitchell - Barnum,Theoni V Aldrege - Barnum,N/A,N/A,Tommy Tune & Thommie Walsh - A Day in Hollywood & A Night in Ukraine,N/A,N/A,N/A
1979,Sweeney Todd,N/A,Len Cariou - Sweeney Todd,Angela Lansbury - Sweeney Todd,Henderson Forscythe - The Best Little Whorehouse in Texas,Carlin Glynn - The Best Little Whorehouse in Texas,Harold Prince - Sweeney Todd,Hugh Wheeler - Sweeney Todd,Stephen Sondheim - Sweeney Todd,N/A,Eugene Lee - Sweeney Todd,Franne Lee - Sweeney Todd,N/A,N/A,Michael Bennett - Ballroom,N/A,N/A,N/A
1978,Ain't Misbehavin',N/A,John Cullum - On the Twentieth Century,Liza Minnelli - The Act,Kevin Kline - On the Twentieth Century,Nell Carter - Ain't Misbehavin',Richard Maltby Jr - Ain't Misbehavin',Betty Comden & Adolph Green - On the Twentieth Century,Betty Comden & Adolph Green & Cy Coleman - On the Twentieth Century,N/A,Robin Wagner - On the Twentieth Century,N/A,Jules Fisher - Dancin',N/A,Bob Fosse - Dancin',N/A,N/A,N/A
1977,Annie,Porgy and Bess,Barry Bostwick - The Robber Bridegroom,Dorothy Loudon - Annie,Lenny Baker - I Love my Wife,Delores Hall - Your Arms are Too Short to Box with God,Gene Saks - I Love my Wife,Thomas Meehan - Annie,Martin Charnin & Charles Strouse -  Annie,N/A,David Mitchell - Annie,Theoni V Aldredge - Annie,N/A,N/A,Peter Gennaro - Annie,N/A,N/A,N/A
1976,A Chorus Line,N/A,George Rose - My Fair Lady,Donna McKechnie - A Chorus Line,Sammy Williams - A Chorus Line,Kelly Bishop - A Chorus Line,Michael Bennett - A Chorus Line,James Kirkwood Jr & Nicholas Dante - A Chorus Line,Marvin Hamlisch & Edward Kleban - A Chorus Line,N/A,Boris Aronson - Pacific Overtures,Florence Klotz - Pacific Overtures,Tharon Musser - A Chorus Line,N/A,Michael Bennett - A Chorus Line,N/A,N/A,N/A
1975,The Wiz,N/A,John Cullum - Shenandoah,Angela Lansbury - Gypsy,Ted Ross - The Wiz,Dee Dee Bridgewater - The Wiz,Geoffery Holder - The Wiz,James Lee Barret & Peter Udell & Phillip Rose - Shenandoah,Charlie Smalls - The Wiz,N/A,N/A,Geoffery Holder - The Wiz,N/A,N/A,George Faison - The Wiz,N/A,N/A,N/A
1974,Raisin,N/A,Christopher Plummer - Cyrano,Virginia Capers - Raisin,Tommy Tune - Seesaw,Janie Sell - Over Here!,Harold Prince - Candide,Hugh Wheeler - Candide,Frederick Loewe & Alan Jay Lerner - GiGi,N/A,Franne Lee & Eugene Lee - Candide,Franne Lee - Candide,N/A,N/A,Michael Bennett - Seesaw,N/A,N/A,N/A
1973,A Little Night Music,N/A,Ben Vereen - Pippin,Glynis Johns - A Little Night Music,George S Irving - Irene,Patricia Elliott - A Little Night Music,Bob Fosse - Pippin',Hugh Wheeler - A Little Night Music,Stephen Sondheim - A Little Night Music,N/A,Tony Walton - Pippin,Florence Klotz - A Little Night Music,Jules Fisher - Pippin,N/A,Bob Fosse - Pippin,N/A,N/A,N/A
1972,Two Gentleman of Verona,N/A,Phil Silvers - A Funny Thing Happened on the Way to the Forum,Alexis Smith - Follies,Larry Blyden - A Funny Thing Happened on the Way to the Forum,Linda Hopkins - Inner City,Michael Bennett - Follies,Mel Shapiro & John Guare - Two Gentleman of Verona,Stephen Sondheim - Follies,N/A,Boris Aronson - Follies,Florence Klotz - Follies,Tharon Musser - Follies,N/A,Michael Bennett - Follies,N/A,N/A,N/A
1971,Company,N/A,Hal Linden - The Rothschilds,"Hellen Gallagher - No, No, Nanette",Keene Curtis - The Rothschilds,"Patsy Kelly - No, No, Nanette",Harold Prince - Company,George Furth - Company,Stephen Sondheim - Company,N/A,Boris Aronson - Company,"Raoul Pene du Bois - No, No, Nanette",N/A,N/A,"Donald Saddler - No, No, Nanette",N/A,N/A,N/A
1970,Applause,N/A,Cleavon Little - Purlie,Lauren Bacall - Applause,René Auberjonois - Coco,Melba Moore - Purlie,Ron Field - Applause,N/A,N/A,N/A,N/A,Cecil Beaton - Coco,N/A,N/A,Ron Field - Applause,N/A,N/A,N/A
1969,1776,N/A,"Jerry Orbach - Promises, Promises",Angela Lansbury - Dear World,Ron Holgate - 1776,"Marian Mercer - Promises, Promises",Peter Hunt - 1776,N/A,N/A,N/A,Boris Aronson - Zorba,Loudon Sainthill - Canterbury Tales,N/A,N/A,Joe Layton - George M!,N/A,N/A,N/A
1968,"Hallelujah, Baby!",N/A,Robert Goulet - The Happy Time,"Leslie Uggams - Hallelujah, Baby! & Patricia Routledge - Darling of the Day","Hiram Sherman - How Now, Dow Jones","Lillian Hayman - Hallelujah, Baby!",Gower Champion - The Happy Time,N/A,"Adolph Green & Betty Comden & Jule Styne - Hallelujah, Baby!",N/A,N/A,N/A,N/A,N/A,Gower Champion - The Happy Time,N/A,N/A,N/A
1967,Cabaret,N/A,Robert Preston - I Do! I Do!,Barbara Harris - The Apple Tree,Joel Grey - Cabaret,Peg Murray - Cabaret,Harold Prince - Cabaret,N/A,John Kander & Fred Ebb - Cabaret,N/A,Boris Aronson - Cabaret,Patricia Zipprodt - Cabaret,N/A,N/A,Ron Field - Cabaret,N/A,N/A,N/A
1966,Man of La Mancha,N/A,Richard Kiley - Man of La Mancha,Angela Lansbury - Mame,Frankie Michaels - Mame,Beatrice Arthur - Mame,Albert Marre - Man of La Mancha,N/A,Mitch Leigh & Joe Darion - Man of La Mancha,N/A,Howard Bay - Man of La Mancha,N/A,N/A,N/A,Bob Fosse - Sweet Charity,N/A,N/A,N/A
1965,Fiddler on the Roof,N/A,Zero Mostel - Fiddler on the Roof,Liza Minnelli - Flora the Red Menace,"Victor Spintti - Oh, What a Lovely Day!",Maria Karnilova - Fiddler on the Roof,Jerome Robbins - Fiddler on the Roof,Joseph Stein - Fiddler on the Roof,Jerry Bock & Sheldon Harnick - Fiddler on the Roof,Harold Prince - Fiddler on the Roof,Oliver Smith - Baker Smith,Patricia Zipprodt - Fiddler ont he Roof,N/A,N/A,Jerome Robbins - Fiddler on the Roof,N/A,N/A,N/A
1964,"Hello, Dolly!",N/A,Bert Lahr - Foxy,"Carol Channing - Hello, Dolly!",Jack Cassidy - She Loves Me,Tessie O'Shea - The Girl Who Came to Supper,"Gower Champion - Hello, Dolly!","Michael Stewart - Hello, Dolly!","Jerry Herman - Hello, Dolly!","David Merrick - Hello, Dolly!","Oliver Smith - Hello, Dolly!","Freddy Wittop - Hello, Dolly!",N/A,N/A,"Gower Champion - Hello, Dolly!",N/A,"Shepherd Coleman - Hello, Dolly!",N/A
1963,A Funny Thing Happened On the Way to the Forum,N/A,Zero Mostel - A Funny Thing Happened On the way to the Forum,Vivian Leigh - Tovarich,David Burns - A Funny Thing Happened On the Way to the Forum,Anna Quayle - Stop the World - I Want to get Off,George Abbott - A Funny Thing Happened On the Way to the Forum,Burt Shevelove & Larry Gelbart - A Funny Thing Happened On the Way to the Forum,Lionel Bart - Oliver!,Harold Prince - A Funny Thing Happened On the Way to the Forum,Sean Kenny - Oliver!,N/A,N/A,N/A,Bob Fosse - Little Me,N/A,Don Pippin - Oliver!,Solly Pernick - Mr President
1962,How to Succeed in Business Without Really Trying,N/A,Robert Morse - How to Succeed in Business Without Really Trying,Diahann Carroll - No Strings & Anna Maria Alberghetti - Carnival!,Charles Nelson Reilly - How to Succeed in Business Without Really Trying,Phyllis Newman - Subways are for Sleeping,Abe Burrows - How to Succeed in Business Without Really Trying,Abe Burrows & Jack Weinstock & Willie Gilbert - How to Succeed in Business Without Really Trying,Richard Rogers - No Strings,Cy Feuer & Ernest Martin - How to Succeed in Business Without Really Trying,Will Steven Armstrong - Carival!,Lucinda Ballard - The Gay Life,N/A,N/A,Joe Layton - No Strings,N/A,Elliott Lawrence - How to Succeed in Business Without Really Trying,N/A
1961,Bye Bye Birdie,N/A,Richard Burton - Camelot,Elizabeth Seal - Irma La Douce ,Dick Van Dyke - Bye Bye Birdie,Tammy Grimes - The Unsinkable Molly Brown,Gower Champion - Bye Bye Birdie,N/A,N/A,N/A,Oliver Smith - Camelot,Adrian Duquette & Tony Duquette - Camelot,N/A,N/A,Gower Champion - Bye Bye Birdie,N/A,Franz Allers - Camelot,N/A
1960,The Sound of Music & Fiorello!,N/A,Jackie Gleason - Take Me Along,Mary Martin - The Sound of Music,Tom Bosley - Fiorello!,Patricia Neway - The Sound of Music,George Abbott - Fiorello!,N/A,N/A,N/A,Oliver Smith - The Sound of Music,Cecil Beaton - Saratoga,N/A,N/A,Michael Kidd - Destry Rides Again,N/A,Frederick Dvonch - The Sound of Music,N/A
1959,Redhead,N/A,Richard Kiley - Redhead,Gwen Verdon - Redhead,Leonard Stone - Redhead / Russell Nype - Goldilocks,Pat Stanley - Goldilocks,N/A,N/A,N/A,N/A,N/A,Rouben Ter-Arutunian - Redhead,N/A,N/A,Bob Fosse - Readhead,N/A,Salvator Dell'Isola - Flower Drum Song,Sammy Knapp - Music Man
1958,The Music Man,N/A,Robert Preston - The Music Man,Gwen Verdon - New Girl in Town & Thelma Ritter - New Girl in Town,David Burns - The Music Man,Barbara Cook - The Music Man,N/A,N/A,N/A,N/A,Oliver Smith - West Side Story,N/A,N/A,N/A,Jerome Robbins - West Side Story,N/A,Herbert Greene - The Music Man,N/A
1957,My Fair Lady,N/A,Rex Harrison - My Fair Lady,Judy Holliday - Bells are Ringing,Sydney Earle Chaplin - Bells are Ringing,Edith Adams - Li'l Abner,Moss Hart - My Fair Lady,N/A,N/A,N/A,Oliver Smith - My Fair Lady,Cecil Beaton - My Fair Lady,N/A,N/A,Michael Kidd - Li'l Abner,N/A,Franz Allers - My Fair Lady,N/A
1956,Damn Yankees,N/A,Ray Walston - Damn Yankees,Gwen Verdon - Damn Yankees,Russ Brown - Damn Yankees,Lotte Lenya - The Threepenny Opera,N/A,N/A,N/A,N/A,N/A,Alvin Colt - Pipe Dream,N/A,N/A,Bob Fosse - Damn Yankees,N/A,Hal Hastings - Damn Yankees,Harry Green - Damn Yankees
1955,The Pajama Game,N/A,Walter Slezak - Fanny,Mary Martin - Peter Pan,Cyril Ritchard - Peter Pan,Carol Haney - The Pajama Game,N/A,N/A,N/A,N/A,Oliver Messell - House of Flowers,N/A,N/A,N/A,Bob Fosse - The Pajama Game,N/A,Thomas Schippers - The Saint of Beeker Street,Richard Rodda - Peter Pan
1954,Kismet,N/A,Alfred Drake - Kismet,Dolores Gray - Carnival in Flanders,Harry Belafonte - John Murray Anderson's Almanac,Gwen Verdon - Can-Can,N/A,N/A,N/A,N/A,N/A,N/A,N/A,N/A,Michael Kidd - Can-Can,N/A,Louis Adrian - Kismet,N/A
1953,Wonderful Town,N/A,Thomas Mitchell - Hazel Flagg,Rosalind Russell - Wonderful Town,Hiram Sherman - Two's Company,Sheila Bond - Wish You Were Here,N/A,N/A,N/A,N/A,Raoul Pene Du Bois - Wonderful Town,Miles White - Hazel Flagg,N/A,N/A,Donald Saddler - Wonderful Town,N/A,Lehmen Engel - Wonderful Town,Abe Kurnit - Wish You Were Here
1952,The King and I,N/A,Phil Silvers - Top Banana,Getrude Lawrence - The King and I,Yul Brynner - The King and I,Helen Gallagher - Pal Joey,N/A,N/A,N/A,N/A,Jo Meilziner - The King and I,Irene Sharaff - The King and I,N/A,N/A,Robert Alton - Pal Joey,N/A,Max Meth - Pal Joey,Peter Feller - Call Me Madam
1951,Guys and Dolls,N/A,Robert Alda - Guys and Dolls,Ethel Merman - Call Me Madam,Russell Nype - Call Me Madam,Isabel Bigley - Guys and Dolls,George S Kaufman - Guys and Dolls,N/A,Irving Berlin - Call Me Madam,N/A,N/A,N/A,N/A,N/A,Michael Kidd - Guys and Dolls,N/A,Lehmen Engel - The Consul,N/A
1950,South Pacific,N/A,Ezio Pinza - South Pacific,Mary Martin - South Pacific,Myron McCormick - South Pacific,Juanita Hall - South Pacific,Joshua Logan - South Pacific,Joshua Logan & Oscar Hammerstein II - South Pacific,Richard Rogers - South Pacific,Leland Hayward & Joshua Logan & Oscar Hammerstein II & Richard Rogers - South Pacific,N/A,Aline Bernstein - Regina,N/A,N/A,Helen Tamaris - Touch and Go,N/A,Maurice Abravanel - Regina,N/A
1949,"Kiss Me, Kate",N/A,Ray Bolger - Where's Charley,Nanette Fabray - Love Life,N/A,N/A,N/A,"Bella Spewack & Samuel Spewack - Kiss Me, Kate","Cole Porter - Kiss Me, Kate","Saint Subber & Lemuel Ayers - Kiss Me, Kate",Jo Meilziner - South Pacific,"Lemuel Ayers - Kiss Me, Kate",N/A,N/A,Gower Champion - Lend an Ear,N/A,Max Meth - As the Girls Go,N/A
1948,N/A,N/A,Paul Hartman - Angel in the Wings,Grace Hartman - Angel in the Wings,N/A,N/A,N/A,N/A,N/A,N/A,Horace Armistead - The Medium,N/A,N/A,N/A,Jerome Robbins - High Button Shoes,N/A,Milton Rosenstock - Finian's Rainbow,N/A
1947,N/A,N/A,N/A,N/A,David Wayne - Finian's Rainbow,N/A,N/A,N/A,Kurt Weill - Street Scene,N/A,N/A,Lucinda Ballard - Street Scene & The Chocolate Soldier,N/A,N/A,Agnes De Mille -  Brigadoon & Michael Kidd - Finian's Rainbow,N/A,N/A,N/A